customer_id,frequency,recency,T,monetary_value,probability_alive,expected_purchases_90d,expected_purchases_180d,expected_purchases_365d,expected_transaction_value,expected_revenue_clv_12m,historical_orders,historical_revenue,historical_units,historical_aov,first_purchase,last_purchase,clv_value_tier,rfm_segment,rfm_value_tier,rfm_total_score,rfm_action,ml_cluster,cluster_name,cluster_action
16446,1.0,205.0,205.0,168469.6,0.9548716943604096,0.5258744540689458,1.0402032018132372,2.0700963042166465,136380.83153343791,282508.431508292,2,168472.5,80997,84236.25,2011-05-18 09:52:00,2011-12-09 09:15:00,Strategic,Potential Loyalists,High Value,12,Encourage the next purchase with personalized recommendations and targeted incentives.,1,High-Value Loyal Customers,"Protect and reward through VIP benefits, personalized offers, early access, loyalty rewards, and proactive service."
18102,66.0,738.0,738.0,9189.930454545454,0.9984500917762266,7.469424626302078,14.860771782976363,29.84073578317404,9158.74264767278,273487.4075646846,149,608821.65,188340,4086.0513422818794,2009-12-01 09:24:00,2011-12-09 11:50:00,Strategic,Champions,High Value,15,"Reward with VIP benefits, early access, referral incentives, and premium experiences.",1,High-Value Loyal Customers,"Protect and reward through VIP benefits, personalized offers, early access, loyalty rewards, and proactive service."
14646,90.0,736.0,737.0,5809.905333333333,0.9987197896031889,10.17488316078811,20.243040606072597,40.64717976862292,5795.8542661402425,235743.54508689255,151,528602.52,367193,3500.678940397351,2009-12-02 16:52:00,2011-12-08 12:12:00,Strategic,Champions,High Value,15,"Reward with VIP benefits, early access, referral incentives, and premium experiences.",1,High-Value Loyal Customers,"Protect and reward through VIP benefits, personalized offers, early access, loyalty rewards, and proactive service."
17450,30.0,430.0,438.0,6919.189666666667,0.9945349234816827,5.467714772640535,10.849886423633624,21.693692092698896,6868.595889088797,149104.6575095664,53,246813.09,84700,4656.850754716981,2010-09-27 16:59:00,2011-12-01 13:29:00,Strategic,Champions,High Value,15,"Reward with VIP benefits, early access, referral incentives, and premium experiences.",1,High-Value Loyal Customers,"Protect and reward through VIP benefits, personalized offers, early access, loyalty rewards, and proactive service."
14096,16.0,97.0,101.0,4071.434375,0.9908502677248262,9.041676262520797,17.750993288838146,34.972797904749996,4018.6165817538167,140633.8613042497,17,65164.78999999999,16352,3833.22294117647,2011-08-30 10:49:00,2011-12-05 17:17:00,Strategic,Champions,High Value,15,"Reward with VIP benefits, early access, referral incentives, and premium experiences.",1,High-Value Loyal Customers,"Protect and reward through VIP benefits, personalized offers, early access, loyalty rewards, and proactive service."
14156,120.0,729.0,738.0,2605.775166666667,0.9966251385937279,13.497253360639636,26.852862169576166,53.919184316768344,2601.5203034947167,140366.17517940057,157,313759.82,165873,1998.4701910828026,2009-12-01 12:30:00,2011-11-30 10:54:00,Strategic,Champions,High Value,15,"Reward with VIP benefits, early access, referral incentives, and premium experiences.",1,High-Value Loyal Customers,"Protect and reward through VIP benefits, personalized offers, early access, loyalty rewards, and proactive service."
14911,254.0,737.0,738.0,1161.8061417322835,0.9994375696342405,28.569464217543054,56.83833076877642,114.12581001161477,1161.1345470024578,132604.52378815447,406,295832.39,149949,728.6512068965518,2009-12-01 11:41:00,2011-12-08 15:54:00,Strategic,Champions,High Value,15,"Reward with VIP benefits, early access, referral incentives, and premium experiences.",1,High-Value Loyal Customers,"Protect and reward through VIP benefits, personalized offers, early access, loyalty rewards, and proactive service."
13694,82.0,732.0,735.0,2365.279512195122,0.9982887373536812,9.296067955060906,18.494469221127776,37.13557773120794,2359.748851327366,87689.56093986816,144,196482.81,189205,1364.4639583333333,2009-12-04 15:26:00,2011-12-06 09:32:00,Strategic,Champions,High Value,15,"Reward with VIP benefits, early access, referral incentives, and premium experiences.",1,High-Value Loyal Customers,"Protect and reward through VIP benefits, personalized offers, early access, loyalty rewards, and proactive service."
12415,22.0,503.0,527.0,6460.528636363637,0.9885511092391099,3.410478445871521,6.774924141145784,13.569541223563723,6396.601340843325,86857.05325247976,28,144458.37,91447,5159.2275,2010-06-30 08:30:00,2011-11-15 14:22:00,Strategic,Champions,High Value,14,"Reward with VIP benefits, early access, referral incentives, and premium experiences.",1,High-Value Loyal Customers,"Protect and reward through VIP benefits, personalized offers, early access, loyalty rewards, and proactive service."
17511,50.0,735.0,737.0,3449.8982,0.9976912765347565,5.678847862367836,11.298431381955163,22.687814410896074,3435.748191101882,78002.03736553834,62,175603.55,119656,2832.315322580645,2009-12-02 10:52:00,2011-12-07 10:12:00,Strategic,Champions,High Value,15,"Reward with VIP benefits, early access, referral incentives, and premium experiences.",1,High-Value Loyal Customers,"Protect and reward through VIP benefits, personalized offers, early access, loyalty rewards, and proactive service."
16684,34.0,728.0,732.0,4293.930882352941,0.9964805356202506,3.904294263711527,7.767824985775143,15.5981201372076,4267.34861457214,66607.37849897226,55,147142.77,104810,2675.3230909090908,2009-12-07 12:56:00,2011-12-05 14:06:00,Strategic,Champions,High Value,15,"Reward with VIP benefits, early access, referral incentives, and premium experiences.",1,High-Value Loyal Customers,"Protect and reward through VIP benefits, personalized offers, early access, loyalty rewards, and proactive service."
15061,67.0,735.0,738.0,2008.116119402985,0.9980300241294033,7.578319145300019,15.077412293800355,30.275719169538974,2002.6054980901524,60671.09357185553,134,137818.52,80711,1028.4964179104477,2009-12-01 12:18:00,2011-12-06 12:06:00,Strategic,Champions,High Value,15,"Reward with VIP benefits, early access, referral incentives, and premium experiences.",1,High-Value Loyal Customers,"Protect and reward through VIP benefits, personalized offers, early access, loyalty rewards, and proactive service."
17949,70.0,736.0,737.0,1668.0297142857144,0.9984014303875091,7.927265663124683,15.771533449153269,31.66910260735153,1663.897419240081,52729.57233085557,119,118628.08,60658,996.8746218487395,2009-12-02 11:07:00,2011-12-08 18:46:00,Strategic,Champions,High Value,15,"Reward with VIP benefits, early access, referral incentives, and premium experiences.",1,High-Value Loyal Customers,"Protect and reward through VIP benefits, personalized offers, early access, loyalty rewards, and proactive service."
13089,131.0,735.0,737.0,887.6292366412214,0.9989023776841643,14.780016863771138,29.4046887836306,59.042305596892795,886.8213412709476,52395.183977774104,206,116647.53,60150,566.250145631068,2009-12-02 15:44:00,2011-12-07 09:02:00,Strategic,Champions,High Value,15,"Reward with VIP benefits, early access, referral incentives, and premium experiences.",1,High-Value Loyal Customers,"Protect and reward through VIP benefits, personalized offers, early access, loyalty rewards, and proactive service."
15311,195.0,738.0,738.0,593.6024102564103,0.9994685642911738,21.95064383555515,43.670494437118684,87.68664241020149,593.4148378826368,52069.543009973946,212,116575.49,70931,549.8843867924528,2009-12-01 11:21:00,2011-12-09 12:00:00,Strategic,Champions,High Value,15,"Reward with VIP benefits, early access, referral incentives, and premium experiences.",1,High-Value Loyal Customers,"Protect and reward through VIP benefits, personalized offers, early access, loyalty rewards, and proactive service."
16029,70.0,693.0,731.0,1696.9191428571428,0.954543305296167,7.636267833077992,15.192039917424838,30.50362095538103,1692.6897572306539,51667.88374634402,110,122035.14,56386,1109.4103636363636,2009-12-08 11:23:00,2011-11-01 10:27:00,Strategic,Champions,High Value,14,"Reward with VIP benefits, early access, referral incentives, and premium experiences.",1,High-Value Loyal Customers,"Protect and reward through VIP benefits, personalized offers, early access, loyalty rewards, and proactive service."
12931,42.0,717.0,738.0,2171.1271428571426,0.9925198323238292,4.751014600357481,9.452608890147484,18.981864274898044,2161.443693251457,41055.82318162253,57,92347.34,62906,1620.1287719298246,2009-12-01 11:46:00,2011-11-18 12:39:00,Strategic,Champions,High Value,14,"Reward with VIP benefits, early access, referral incentives, and premium experiences.",1,High-Value Loyal Customers,"Protect and reward through VIP benefits, personalized offers, early access, loyalty rewards, and proactive service."
14298,44.0,720.0,728.0,2023.1975,0.9963723057633387,5.056241827349713,10.059256878580552,20.197916488018983,2014.7412221051216,40720.937014046736,82,91194.49,100272,1112.1279268292683,2009-12-11 13:49:00,2011-12-01 13:12:00,Strategic,Champions,High Value,15,"Reward with VIP benefits, early access, referral incentives, and premium experiences.",1,High-Value Loyal Customers,"Protect and reward through VIP benefits, personalized offers, early access, loyalty rewards, and proactive service."
15769,39.0,721.0,728.0,2223.700512820513,0.9963165887792191,4.489669751214178,8.932153184044955,17.935073927496965,2212.9603785977156,39716.295689758044,47,88704.32,49104,1887.3259574468086,2009-12-11 09:58:00,2011-12-02 13:52:00,Strategic,Champions,High Value,15,"Reward with VIP benefits, early access, referral incentives, and premium experiences.",1,High-Value Loyal Customers,"Protect and reward through VIP benefits, personalized offers, early access, loyalty rewards, and proactive service."
14088,13.0,411.0,421.0,3949.3584615384616,0.9903105955914884,2.5090675794966595,4.9785290281192704,9.953187453978366,3886.7463734777075,38711.3310602466,16,64036.8,15276,4002.3,2010-10-14 19:46:00,2011-11-29 16:16:00,Strategic,Champions,High Value,15,"Reward with VIP benefits, early access, referral incentives, and premium experiences.",1,High-Value Loyal Customers,"Protect and reward through VIP benefits, personalized offers, early access, loyalty rewards, and proactive service."
13798,98.0,730.0,731.0,768.9068367346938,0.9988099037150583,11.157542638601045,22.19719315369972,44.56809703417645,768.1128212103227,34256.343601318615,111,75836.87,48347,683.215045045045,2009-12-08 16:21:00,2011-12-08 15:51:00,Strategic,Champions,High Value,15,"Reward with VIP benefits, early access, referral incentives, and premium experiences.",1,High-Value Loyal Customers,"Protect and reward through VIP benefits, personalized offers, early access, loyalty rewards, and proactive service."
15838,28.0,713.0,724.0,2631.0,0.9946727384090357,3.2549289443642313,6.475678727419425,13.002768697725068,2612.6708701160624,33994.79843698123,35,74163.0,64664,2118.942857142857,2009-12-15 09:51:00,2011-11-28 14:00:00,Strategic,Champions,High Value,15,"Reward with VIP benefits, early access, referral incentives, and premium experiences.",1,High-Value Loyal Customers,"Protect and reward through VIP benefits, personalized offers, early access, loyalty rewards, and proactive service."
17841,192.0,736.0,737.0,362.2716145833333,0.9993125863533082,21.637669970071375,43.04759182385688,86.4350668078738,362.3651663232462,31342.11744538588,215,70081.86,37166,325.9621395348837,2009-12-02 15:41:00,2011-12-08 12:07:00,Strategic,Champions,High Value,15,"Reward with VIP benefits, early access, referral incentives, and premium experiences.",1,High-Value Loyal Customers,"Protect and reward through VIP benefits, personalized offers, early access, loyalty rewards, and proactive service."
16422,91.0,679.0,696.0,693.8787912087912,0.9909674015300766,10.758278552940306,21.398234597892845,42.94809311747612,693.2179689286146,29792.394279772227,110,63589.07,66273,578.0824545454545,2010-01-12 11:57:00,2011-11-22 14:00:00,Strategic,Champions,High Value,15,"Reward with VIP benefits, early access, referral incentives, and premium experiences.",1,High-Value Loyal Customers,"Protect and reward through VIP benefits, personalized offers, early access, loyalty rewards, and proactive service."
12536,1.0,16.0,59.0,8322.12,0.9098147273971423,1.1050962644412436,2.167094255291551,4.264530474053834,6816.583931391945,29088.44429335548,3,12601.830000000002,2803,4200.610000000001,2011-10-11 14:52:00,2011-10-27 14:20:00,Strategic,Loyal Customers,High Value,12,"Strengthen loyalty through personalized offers, cross-selling, and loyalty rewards.",1,High-Value Loyal Customers,"Protect and reward through VIP benefits, personalized offers, early access, loyalty rewards, and proactive service."
13098,25.0,316.0,317.0,1129.3455999999999,0.9957561282984929,6.038941993543471,11.959129296631907,23.837396163750814,1122.8833604275312,26784.387101110995,28,28882.44,15968,1031.5157142857142,2011-01-26 13:46:00,2011-12-08 14:14:00,Strategic,Champions,High Value,15,"Reward with VIP benefits, early access, referral incentives, and premium experiences.",1,High-Value Loyal Customers,"Protect and reward through VIP benefits, personalized offers, early access, loyalty rewards, and proactive service."
13081,24.0,720.0,731.0,2371.64875,0.9941878758565496,2.7743190057334814,5.519827861338551,11.084584015139063,2352.8204679957726,26097.576019958677,30,59205.15,41423,1973.505,2009-12-08 13:58:00,2011-11-28 10:54:00,Strategic,Champions,High Value,15,"Reward with VIP benefits, early access, referral incentives, and premium experiences.",1,High-Value Loyal Customers,"Protect and reward through VIP benefits, personalized offers, early access, loyalty rewards, and proactive service."
14680,50.0,710.0,735.0,1136.9898,0.9898137100211979,5.648119977873682,11.237163014324178,22.56432795006827,1133.707579756442,25598.55211283637,59,57369.38,27358,972.3623728813559,2009-12-04 12:36:00,2011-11-14 16:59:00,Strategic,Champions,High Value,14,"Reward with VIP benefits, early access, referral incentives, and premium experiences.",1,High-Value Loyal Customers,"Protect and reward through VIP benefits, personalized offers, early access, loyalty rewards, and proactive service."
17389,52.0,735.0,735.0,1082.8325,0.9980430764466799,5.919997781091589,11.77804806398958,23.65033800400579,1079.9206772438686,25557.66392119088,61,57215.33,17880,937.9562295081968,2009-12-04 12:06:00,2011-12-09 09:38:00,Strategic,Champions,High Value,15,"Reward with VIP benefits, early access, referral incentives, and premium experiences.",1,High-Value Loyal Customers,"Protect and reward through VIP benefits, personalized offers, early access, loyalty rewards, and proactive service."
16013,48.0,728.0,731.0,1164.5716666666665,0.9974554710779191,5.494462468724548,10.931221118496438,21.949192730296332,1161.018382476968,25500.5517518352,86,57140.44,25880,664.4237209302325,2009-12-08 10:24:00,2011-12-06 10:36:00,Strategic,Champions,High Value,15,"Reward with VIP benefits, early access, referral incentives, and premium experiences.",1,High-Value Loyal Customers,"Protect and reward through VIP benefits, personalized offers, early access, loyalty rewards, and proactive service."
16333,12.0,302.0,309.0,2136.44,0.99003266895411,3.0240568836657413,5.988753590485433,11.937375522784897,2103.6840907283354,25129.141201661714,22,26626.8,32184,1210.3090909090909,2011-02-03 10:50:00,2011-12-02 12:19:00,Strategic,Champions,High Value,15,"Reward with VIP benefits, early access, referral incentives, and premium experiences.",1,High-Value Loyal Customers,"Protect and reward through VIP benefits, personalized offers, early access, loyalty rewards, and proactive service."
12748,201.0,735.0,735.0,275.1529353233831,0.9994843251832001,22.709184918485043,45.178770347391435,90.71229034976906,275.3444919902642,24993.923323744984,353,55511.09,38396,157.25521246458922,2009-12-04 17:31:00,2011-12-09 12:20:00,Strategic,Champions,High Value,15,"Reward with VIP benefits, early access, referral incentives, and premium experiences.",1,High-Value Loyal Customers,"Protect and reward through VIP benefits, personalized offers, early access, loyalty rewards, and proactive service."
13408,75.0,734.0,735.0,682.97096,0.9984963943521187,8.510428470064577,16.931503080039324,33.99745431890145,682.2038270133093,23208.789032277844,108,51733.462,29499,479.01353703703705,2009-12-04 09:31:00,2011-12-08 09:05:00,Strategic,Champions,High Value,15,"Reward with VIP benefits, early access, referral incentives, and premium experiences.",1,High-Value Loyal Customers,"Protect and reward through VIP benefits, personalized offers, early access, loyalty rewards, and proactive service."
13777,45.0,737.0,737.0,1118.408888888889,0.9977472885848779,5.118439933624591,10.183530400333364,20.449266062464694,1114.8608378193665,22813.417600185163,70,56478.42,26742,806.8345714285714,2009-12-02 09:47:00,2011-12-09 12:25:00,Strategic,Champions,High Value,15,"Reward with VIP benefits, early access, referral incentives, and premium experiences.",1,High-Value Loyal Customers,"Protect and reward through VIP benefits, personalized offers, early access, loyalty rewards, and proactive service."
17404,22.0,697.0,701.0,2170.685,0.994959854172554,2.651234334415307,5.2740199517161805,10.587834703876098,2152.2965576858824,22803.478055629497,23,47781.119999999995,50679,2077.4399999999996,2010-01-07 11:31:00,2011-12-05 16:26:00,Strategic,Champions,High Value,15,"Reward with VIP benefits, early access, referral incentives, and premium experiences.",1,High-Value Loyal Customers,"Protect and reward through VIP benefits, personalized offers, early access, loyalty rewards, and proactive service."
13881,31.0,642.0,645.0,1361.0838709677419,0.9963060229483411,4.003396532089541,7.960484768500317,15.969688820782647,1354.1117188793942,21639.260296288798,43,45179.1,29760,1050.6767441860466,2010-03-04 14:41:00,2011-12-06 12:50:00,Strategic,Champions,High Value,15,"Reward with VIP benefits, early access, referral incentives, and premium experiences.",1,High-Value Loyal Customers,"Protect and reward through VIP benefits, personalized offers, early access, loyalty rewards, and proactive service."
15749,1.0,97.0,332.0,21535.9,0.8246938279927583,0.30794698863816683,0.6109797309525957,1.22141048462455,17506.93924437572,21397.428335890625,3,44534.3,18028,14844.766666666668,2011-01-11 12:55:00,2011-04-18 13:20:00,Strategic,At Risk,High Value,10,Prioritize retention campaigns and investigate the reason for declining engagement.,0,At-Risk Return-Heavy Customers,Investigate return causes and service issues before applying targeted retention incentives.
12346,7.0,400.0,725.0,11066.637142857144,0.5689752189187348,0.49607646313433157,0.9871936908015013,1.9830927391923325,10719.935720124153,21272.932685546424,12,77556.46,74285,6463.038333333334,2009-12-14 08:34:00,2011-01-18 10:01:00,Strategic,Cannot Lose Them,High Value,12,High-priority retention intervention; consider direct outreach and strong personalized incentives.,1,High-Value Loyal Customers,"Protect and reward through VIP benefits, personalized offers, early access, loyalty rewards, and proactive service."
17381,27.0,540.0,548.0,1180.0455555555554,0.994692172772765,4.045574581505528,8.037966282053173,16.10393873212489,1173.618450097579,18912.5385283726,41,40002.37,45767,975.6675609756098,2010-06-09 12:55:00,2011-12-01 11:59:00,Strategic,Champions,High Value,15,"Reward with VIP benefits, early access, referral incentives, and premium experiences.",1,High-Value Loyal Customers,"Protect and reward through VIP benefits, personalized offers, early access, loyalty rewards, and proactive service."
12901,22.0,262.0,270.0,786.5790909090908,0.9922151255550218,6.063141216851978,11.99389460790204,23.868244288431352,782.8836307078005,18698.43118669276,28,17654.54,23075,630.5192857142857,2011-03-14 10:41:00,2011-12-01 10:07:00,Strategic,Champions,High Value,15,"Reward with VIP benefits, early access, referral incentives, and premium experiences.",1,High-Value Loyal Customers,"Protect and reward through VIP benefits, personalized offers, early access, loyalty rewards, and proactive service."
16705,25.0,730.0,730.0,1610.62924,0.9960349675680846,2.8959174286687954,5.761701487658819,11.570092143596701,1599.6652855825696,18520.721909980464,42,43515.051,22302,1036.072642857143,2009-12-09 13:34:00,2011-12-09 12:08:00,Strategic,Champions,High Value,15,"Reward with VIP benefits, early access, referral incentives, and premium experiences.",1,High-Value Loyal Customers,"Protect and reward through VIP benefits, personalized offers, early access, loyalty rewards, and proactive service."
15039,82.0,720.0,729.0,481.98829268292684,0.9967715725633155,9.352210098345216,18.605492937829634,37.35621156513148,481.86335078235015,18012.691795400133,94,39726.89,18036,422.6264893617021,2009-12-10 11:39:00,2011-11-30 11:31:00,Strategic,Champions,High Value,15,"Reward with VIP benefits, early access, referral incentives, and premium experiences.",1,High-Value Loyal Customers,"Protect and reward through VIP benefits, personalized offers, early access, loyalty rewards, and proactive service."
12471,47.0,730.0,732.0,824.3014893617021,0.997564500478806,5.375326020575621,10.694277454588969,21.473692276291597,822.3733712075796,17671.267469408685,79,39918.19,16858,505.2935443037975,2009-12-07 10:41:00,2011-12-07 15:43:00,Strategic,Champions,High Value,15,"Reward with VIP benefits, early access, referral incentives, and premium experiences.",1,High-Value Loyal Customers,"Protect and reward through VIP benefits, personalized offers, early access, loyalty rewards, and proactive service."
14031,38.0,729.0,736.0,1010.8800000000001,0.9962694419809616,4.332415439492587,8.61972555544527,17.309210258310262,1007.3462155182657,17448.093614153826,46,40919.58,14468,889.5560869565218,2009-12-03 15:35:00,2011-12-02 17:13:00,Strategic,Champions,High Value,15,"Reward with VIP benefits, early access, referral incentives, and premium experiences.",1,High-Value Loyal Customers,"Protect and reward through VIP benefits, personalized offers, early access, loyalty rewards, and proactive service."
17675,61.0,728.0,729.0,621.8180327868853,0.9981896945551886,6.985640297682647,13.897564523060918,27.904215808084395,621.1112416112065,17343.275325539347,71,38259.6,16416,538.8676056338028,2009-12-10 16:10:00,2011-12-08 18:03:00,Strategic,Champions,High Value,15,"Reward with VIP benefits, early access, referral incentives, and premium experiences.",1,High-Value Loyal Customers,"Protect and reward through VIP benefits, personalized offers, early access, loyalty rewards, and proactive service."
16210,30.0,736.0,737.0,1261.8406666666667,0.9965377790005714,3.432091599060048,6.828627427243915,13.713124856041777,1255.4126959542834,17227.209680413318,37,38489.51,14263,1040.257027027027,2009-12-02 12:54:00,2011-12-08 12:36:00,Strategic,Champions,High Value,15,"Reward with VIP benefits, early access, referral incentives, and premium experiences.",1,High-Value Loyal Customers,"Protect and reward through VIP benefits, personalized offers, early access, loyalty rewards, and proactive service."
17677,34.0,722.0,723.0,1048.365,0.9969120983910225,3.9506821479106793,7.859690724722448,15.78113340892645,1044.159895194238,16489.105952318947,58,36675.06,21933,632.3286206896552,2009-12-16 11:23:00,2011-12-08 09:56:00,Strategic,Champions,High Value,15,"Reward with VIP benefits, early access, referral incentives, and premium experiences.",1,High-Value Loyal Customers,"Protect and reward through VIP benefits, personalized offers, early access, loyalty rewards, and proactive service."
12921,49.0,729.0,738.0,727.7559183673469,0.996362472655892,5.552358698310822,11.046851657485917,22.182899109068956,726.3689792037786,16123.805766705684,76,35921.04,21708,472.64526315789476,2009-12-01 13:43:00,2011-11-30 16:22:00,Strategic,Champions,High Value,15,"Reward with VIP benefits, early access, referral incentives, and premium experiences.",1,High-Value Loyal Customers,"Protect and reward through VIP benefits, personalized offers, early access, loyalty rewards, and proactive service."
12753,5.0,340.0,362.0,3567.7599999999998,0.9777635122328069,1.1667395802383371,2.3138140199314714,4.62199763326403,3426.6876532986776,15848.696601514277,6,21429.39,11421,3571.565,2010-12-12 11:44:00,2011-11-17 10:52:00,Strategic,Champions,High Value,13,"Reward with VIP benefits, early access, referral incentives, and premium experiences.",1,High-Value Loyal Customers,"Protect and reward through VIP benefits, personalized offers, early access, loyalty rewards, and proactive service."
13767,58.0,736.0,738.0,592.1160344827587,0.9979624664693161,6.569540768456122,13.070492295401865,26.246098595473942,591.4932237598787,15534.829333968448,76,35540.53,15235,467.63855263157893,2009-12-01 10:52:00,2011-12-07 15:00:00,Strategic,Champions,High Value,15,"Reward with VIP benefits, early access, referral incentives, and premium experiences.",1,High-Value Loyal Customers,"Protect and reward through VIP benefits, personalized offers, early access, loyalty rewards, and proactive service."
12678,17.0,659.0,701.0,1891.2282352941177,0.9846266863807158,2.0442855941363174,4.066781760758015,8.164752655082223,1871.332642121145,15289.239591487454,21,34281.18,22372,1632.4371428571428,2010-01-07 16:46:00,2011-10-28 13:04:00,Strategic,Champions,High Value,14,"Reward with VIP benefits, early access, referral incentives, and premium experiences.",1,High-Value Loyal Customers,"Protect and reward through VIP benefits, personalized offers, early access, loyalty rewards, and proactive service."
15159,22.0,430.0,431.0,941.2822727272727,0.9953139548426246,4.1006646690384985,8.136787845477407,16.26780904582106,935.9445602472208,15235.928499989066,34,22116.73,13512,650.4920588235294,2010-10-04 09:31:00,2011-12-08 12:05:00,Strategic,Champions,High Value,15,"Reward with VIP benefits, early access, referral incentives, and premium experiences.",1,High-Value Loyal Customers,"Protect and reward through VIP benefits, personalized offers, early access, loyalty rewards, and proactive service."
15856,43.0,732.0,736.0,764.9920930232558,0.9970677688970387,4.896933227170062,9.742797516607506,19.5641461365914,763.2093934253464,14941.581473283657,53,33847.27,20225,638.6277358490565,2009-12-03 14:02:00,2011-12-05 17:09:00,Strategic,Champions,High Value,15,"Reward with VIP benefits, early access, referral incentives, and premium experiences.",1,High-Value Loyal Customers,"Protect and reward through VIP benefits, personalized offers, early access, loyalty rewards, and proactive service."
17857,20.0,637.0,641.0,1410.712,0.9944937025388852,2.6216815331195025,5.213161656839349,10.458652435554903,1399.3709987429243,14645.361009463355,25,28682.239999999998,22060,1147.2895999999998,2010-03-08 12:09:00,2011-12-05 13:13:00,Strategic,Champions,High Value,15,"Reward with VIP benefits, early access, referral incentives, and premium experiences.",1,High-Value Loyal Customers,"Protect and reward through VIP benefits, personalized offers, early access, loyalty rewards, and proactive service."
16779,50.0,734.0,736.0,640.3846,0.9976909071202652,5.685948582255562,11.312491711227969,22.7158187023014,639.4358056536179,14535.075726083214,54,33165.94,19544,614.1840740740741,2009-12-03 13:03:00,2011-12-07 14:54:00,Strategic,Champions,High Value,15,"Reward with VIP benefits, early access, referral incentives, and premium experiences.",1,High-Value Loyal Customers,"Protect and reward through VIP benefits, personalized offers, early access, loyalty rewards, and proactive service."
14866,16.0,460.0,470.0,1302.51375,0.9917410026162874,2.7835855681792943,5.526463516285195,11.058874737121338,1289.951752694703,14274.949712659585,20,20850.22,9233,1042.511,2010-08-26 11:54:00,2011-11-29 11:45:00,Strategic,Champions,High Value,15,"Reward with VIP benefits, early access, referral incentives, and premium experiences.",1,High-Value Loyal Customers,"Protect and reward through VIP benefits, personalized offers, early access, loyalty rewards, and proactive service."
12433,8.0,476.0,476.0,2553.6075,0.9887962344379803,1.4251388732184704,2.8301763646060922,5.665802764893626,2492.986922738974,14134.220045143968,12,20581.26,17116,1715.1049999999998,2010-08-20 09:23:00,2011-12-09 10:02:00,Strategic,Champions,High Value,15,"Reward with VIP benefits, early access, referral incentives, and premium experiences.",1,High-Value Loyal Customers,"Protect and reward through VIP benefits, personalized offers, early access, loyalty rewards, and proactive service."
14258,21.0,726.0,735.0,1466.2066666666667,0.9940242225888416,2.423943788754764,4.822906767225917,9.6857257645374,1454.782865632306,14100.105545068163,25,32051.34,17488,1282.0536,2009-12-04 08:36:00,2011-11-30 15:27:00,Strategic,Champions,High Value,15,"Reward with VIP benefits, early access, referral incentives, and premium experiences.",1,High-Value Loyal Customers,"Protect and reward through VIP benefits, personalized offers, early access, loyalty rewards, and proactive service."
17428,32.0,738.0,738.0,953.9768750000001,0.99686816291241,3.6527600460030403,7.26767845626291,14.594819152809405,950.2020279720862,13877.353909111802,46,31819.760000000002,17504,691.7339130434783,2009-12-01 17:28:00,2011-12-09 09:45:00,Strategic,Champions,High Value,15,"Reward with VIP benefits, early access, referral incentives, and premium experiences.",1,High-Value Loyal Customers,"Protect and reward through VIP benefits, personalized offers, early access, loyalty rewards, and proactive service."
14606,180.0,735.0,736.0,168.57361111111112,0.9992778536534666,20.314487777412033,40.41495746657733,81.14833771313168,168.92706881926804,13717.367968701808,195,30558.25,15474,156.70897435897436,2009-12-03 12:40:00,2011-12-08 19:28:00,Strategic,Champions,High Value,15,"Reward with VIP benefits, early access, referral incentives, and premium experiences.",1,High-Value Loyal Customers,"Protect and reward through VIP benefits, personalized offers, early access, loyalty rewards, and proactive service."
12681,42.0,712.0,726.0,710.8033333333334,0.9948271401053072,4.834439387169131,9.61790127185149,19.311428932719593,709.2812733360234,13706.444576215148,46,30868.28,17596,671.0495652173913,2009-12-13 13:31:00,2011-11-25 11:33:00,Strategic,Champions,High Value,15,"Reward with VIP benefits, early access, referral incentives, and premium experiences.",1,High-Value Loyal Customers,"Protect and reward through VIP benefits, personalized offers, early access, loyalty rewards, and proactive service."
12744,7.0,540.0,591.0,3437.73,0.9768282313245081,1.0261114605120232,2.0400960141717115,4.091837061563993,3339.890909206494,13675.460833740482,11,25317.059999999998,6994,2301.550909090909,2010-04-27 16:19:00,2011-10-19 11:18:00,Strategic,Champions,High Value,14,"Reward with VIP benefits, early access, referral incentives, and premium experiences.",1,High-Value Loyal Customers,"Protect and reward through VIP benefits, personalized offers, early access, loyalty rewards, and proactive service."
12709,28.0,715.0,730.0,1050.0635714285713,0.9938497689701848,3.2276436238839663,6.421626025263502,12.895026630315597,1044.9507060072665,13483.728813970969,35,30814.46,13911,880.4131428571428,2009-12-09 13:49:00,2011-11-24 15:38:00,Strategic,Champions,High Value,15,"Reward with VIP benefits, early access, referral incentives, and premium experiences.",1,High-Value Loyal Customers,"Protect and reward through VIP benefits, personalized offers, early access, loyalty rewards, and proactive service."
13078,54.0,735.0,738.0,535.2244444444444,0.997683365466849,6.119710685009119,12.175574815171874,24.44922549069558,534.8033047191901,13084.31974206561,58,29532.45,12183,509.1801724137931,2009-12-01 09:06:00,2011-12-06 15:36:00,Strategic,Champions,High Value,15,"Reward with VIP benefits, early access, referral incentives, and premium experiences.",1,High-Value Loyal Customers,"Protect and reward through VIP benefits, personalized offers, early access, loyalty rewards, and proactive service."
15513,26.0,662.0,695.0,1018.3480769230769,0.9875302042991104,3.120827519475303,6.20780661961673,12.461222561134772,1013.1307983516583,12633.333106411881,37,27750.55,10831,750.0148648648649,2010-01-13 14:59:00,2011-11-06 14:36:00,Strategic,Champions,High Value,14,"Reward with VIP benefits, early access, referral incentives, and premium experiences.",1,High-Value Loyal Customers,"Protect and reward through VIP benefits, personalized offers, early access, loyalty rewards, and proactive service."
12731,15.0,624.0,647.0,1609.9540000000002,0.9893122377733653,1.9595775702168654,3.896932828336319,7.819222768986157,1591.8044444233913,12455.032348068853,17,25775.71,11641,1516.2182352941177,2010-03-02 09:23:00,2011-11-16 11:59:00,Strategic,Champions,High Value,14,"Reward with VIP benefits, early access, referral incentives, and premium experiences.",1,High-Value Loyal Customers,"Protect and reward through VIP benefits, personalized offers, early access, loyalty rewards, and proactive service."
12621,31.0,667.0,668.0,790.3667741935484,0.9966280469767715,3.8787669205093973,7.7139308463451135,15.479332385633006,787.7074589072485,12201.375323612914,36,24775.81,13933,688.2169444444445,2010-02-09 12:01:00,2011-12-08 11:25:00,Strategic,Champions,High Value,15,"Reward with VIP benefits, early access, referral incentives, and premium experiences.",1,High-Value Loyal Customers,"Protect and reward through VIP benefits, personalized offers, early access, loyalty rewards, and proactive service."
14527,120.0,735.0,737.0,223.6701666666667,0.998835511803987,13.544085717451322,26.945875200347,54.105401450864704,224.0918409735154,12132.731751665686,124,27764.21,6755,223.9049193548387,2009-12-02 12:06:00,2011-12-07 12:19:00,Strategic,Champions,High Value,15,"Reward with VIP benefits, early access, referral incentives, and premium experiences.",1,High-Value Loyal Customers,"Protect and reward through VIP benefits, personalized offers, early access, loyalty rewards, and proactive service."
13868,1.0,31.0,38.0,2685.0,0.9492928409318983,1.3956465762882697,2.7298645441216647,5.3561313577923535,2255.9800964615083,12091.153096045027,2,3192.54,1964,1596.27,2011-11-01 12:45:00,2011-12-02 16:32:00,Strategic,Potential Loyalists,High Value,12,Encourage the next purchase with personalized recommendations and targeted incentives.,2,Established Moderate-Value Customers,"Increase purchase frequency through cross-selling, personalized recommendations, and loyalty incentives."
17940,13.0,687.0,736.0,1994.3684615384616,0.9828190251140589,1.5087644002226717,3.002217245084108,6.030102515469256,1966.6209546261484,11866.904492462192,16,30306.79,85148,1894.174375,2009-12-03 12:31:00,2011-10-21 13:27:00,Strategic,Champions,High Value,14,"Reward with VIP benefits, early access, referral incentives, and premium experiences.",1,High-Value Loyal Customers,"Protect and reward through VIP benefits, personalized offers, early access, loyalty rewards, and proactive service."
16133,49.0,615.0,618.0,454.8985714285714,0.9974164404428421,6.536945523086861,12.995109356948763,26.059138454164078,454.8197615952599,11860.16226090712,56,22992.26,13653,410.5760714285714,2010-03-31 12:21:00,2011-12-06 11:24:00,Strategic,Champions,High Value,15,"Reward with VIP benefits, early access, referral incentives, and premium experiences.",1,High-Value Loyal Customers,"Protect and reward through VIP benefits, personalized offers, early access, loyalty rewards, and proactive service."
12939,15.0,632.0,696.0,1651.32,0.9749351453053593,1.8064946949769265,3.5936936857706545,7.214811204451999,1632.5295751706801,11786.310542830623,20,25264.8,10328,1263.24,2010-01-12 11:27:00,2011-10-06 14:33:00,Strategic,Loyal Customers,High Value,13,"Strengthen loyalty through personalized offers, cross-selling, and loyalty rewards.",1,High-Value Loyal Customers,"Protect and reward through VIP benefits, personalized offers, early access, loyalty rewards, and proactive service."
17865,34.0,708.0,738.0,756.554705882353,0.9889348506734416,3.8457233948457707,7.6515663538097,15.365598853151376,754.3615419047742,11599.012567787495,46,26312.190000000002,12950,572.0041304347826,2009-12-01 10:49:00,2011-11-09 12:08:00,Strategic,Champions,High Value,14,"Reward with VIP benefits, early access, referral incentives, and premium experiences.",1,High-Value Loyal Customers,"Protect and reward through VIP benefits, personalized offers, early access, loyalty rewards, and proactive service."
14062,21.0,720.0,729.0,1176.7638095238096,0.9940129968183025,2.4422689464945044,4.859196063581037,9.758013951876608,1168.557277451915,11410.467156632558,24,25585.65,12794,1066.0687500000001,2009-12-10 14:28:00,2011-11-30 10:04:00,Strategic,Champions,High Value,15,"Reward with VIP benefits, early access, referral incentives, and premium experiences.",1,High-Value Loyal Customers,"Protect and reward through VIP benefits, personalized offers, early access, loyalty rewards, and proactive service."
14547,7.0,51.0,54.0,500.52857142857147,0.9846338637223828,5.795472263509978,11.332002042202442,22.22136176674535,498.5038329665995,11084.602665712777,8,3974.75,2639,496.84375,2011-10-16 14:35:00,2011-12-06 11:06:00,Strategic,Champions,High Value,14,"Reward with VIP benefits, early access, referral incentives, and premium experiences.",1,High-Value Loyal Customers,"Protect and reward through VIP benefits, personalized offers, early access, loyalty rewards, and proactive service."
17735,24.0,495.0,497.0,707.24625,0.9954974999311892,3.9379236733615746,7.820115090927377,15.654595392879115,704.6284072702884,11038.050257480823,27,17244.93,10901,638.7011111111111,2010-07-30 13:25:00,2011-12-07 16:47:00,Strategic,Champions,High Value,15,"Reward with VIP benefits, early access, referral incentives, and premium experiences.",1,High-Value Loyal Customers,"Protect and reward through VIP benefits, personalized offers, early access, loyalty rewards, and proactive service."
15189,42.0,508.0,509.0,412.4271428571428,0.9974038593559393,6.684299463497538,13.274863007764699,26.576887208848444,412.57263379919164,10972.23132505638,46,17524.38,6902,380.96478260869566,2010-07-18 13:37:00,2011-12-08 13:22:00,Strategic,Champions,High Value,15,"Reward with VIP benefits, early access, referral incentives, and premium experiences.",1,High-Value Loyal Customers,"Protect and reward through VIP benefits, personalized offers, early access, loyalty rewards, and proactive service."
16839,41.0,658.0,666.0,536.2358536585366,0.9960924824516069,5.115865355502829,10.173833672631343,20.41423966984162,535.6761566072778,10942.765555548975,45,22310.49,11527,495.7886666666667,2010-02-11 15:02:00,2011-12-01 09:03:00,Strategic,Champions,High Value,15,"Reward with VIP benefits, early access, referral incentives, and premium experiences.",1,High-Value Loyal Customers,"Protect and reward through VIP benefits, personalized offers, early access, loyalty rewards, and proactive service."
16525,47.0,735.0,737.0,512.5589361702127,0.9975663417429076,5.341761733119239,10.627816875776205,21.341324235857797,512.1886504832205,10938.13494606634,49,24562.74,14628,501.28040816326535,2009-12-02 13:53:00,2011-12-07 15:07:00,Strategic,Champions,High Value,15,"Reward with VIP benefits, early access, referral incentives, and premium experiences.",1,High-Value Loyal Customers,"Protect and reward through VIP benefits, personalized offers, early access, loyalty rewards, and proactive service."
18251,7.0,630.0,717.0,3284.8542857142857,0.9694480016308049,0.8539056631763458,1.6991956529130432,3.4131022088499505,3192.0021486274686,10901.960075792435,9,26278.86,39639,2919.8733333333334,2009-12-22 12:01:00,2011-09-13 15:03:00,Strategic,Loyal Customers,High Value,13,"Strengthen loyalty through personalized offers, cross-selling, and loyalty rewards.",1,High-Value Loyal Customers,"Protect and reward through VIP benefits, personalized offers, early access, loyalty rewards, and proactive service."
17340,14.0,634.0,663.0,1531.8842857142859,0.9876551739481768,1.7908840104917787,3.5619045487959387,7.148495026121547,1513.7542969802773,10828.334871366555,19,22289.22,11162,1173.1168421052632,2010-02-14 14:54:00,2011-11-10 10:45:00,Strategic,Champions,High Value,14,"Reward with VIP benefits, early access, referral incentives, and premium experiences.",1,High-Value Loyal Customers,"Protect and reward through VIP benefits, personalized offers, early access, loyalty rewards, and proactive service."
14895,23.0,722.0,729.0,1015.3591304347827,0.9947067636111157,2.6698395158532167,5.311916800934657,10.666943122617754,1009.4986140350554,10775.50623478342,38,25119.54,10714,661.0405263157895,2009-12-10 14:22:00,2011-12-02 09:23:00,Strategic,Champions,High Value,15,"Reward with VIP benefits, early access, referral incentives, and premium experiences.",1,High-Value Loyal Customers,"Protect and reward through VIP benefits, personalized offers, early access, loyalty rewards, and proactive service."
12682,47.0,735.0,738.0,502.1108510638298,0.9974167707273697,5.334297243564833,10.61302842146271,21.31184289161111,501.7927762990599,10701.320679009083,54,24025.510000000002,10998,444.9168518518519,2009-12-01 09:28:00,2011-12-06 10:00:00,Strategic,Champions,High Value,15,"Reward with VIP benefits, early access, referral incentives, and premium experiences.",1,High-Value Loyal Customers,"Protect and reward through VIP benefits, personalized offers, early access, loyalty rewards, and proactive service."
17920,50.0,729.0,733.0,467.9588,0.9973742948774096,5.705552873339489,11.351292840791455,22.793038633261453,467.8201921499761,10670.213944048783,56,24256.74,12544,433.15607142857147,2009-12-06 10:37:00,2011-12-05 14:29:00,Strategic,Champions,High Value,15,"Reward with VIP benefits, early access, referral incentives, and premium experiences.",1,High-Value Loyal Customers,"Protect and reward through VIP benefits, personalized offers, early access, loyalty rewards, and proactive service."
14733,14.0,386.0,402.0,969.3592857142858,0.9886280397147964,2.7982044312817558,5.550594056085305,11.09172154410463,960.5564827628295,10661.329217714563,16,16165.17,6479,1010.323125,2010-11-02 15:42:00,2011-11-23 15:39:00,Strategic,Champions,High Value,15,"Reward with VIP benefits, early access, referral incentives, and premium experiences.",1,High-Value Loyal Customers,"Protect and reward through VIP benefits, personalized offers, early access, loyalty rewards, and proactive service."
13802,17.0,523.0,661.0,1520.8441176470587,0.8037960749505844,1.7609937789761319,3.50228902234135,7.028283100572962,1506.0209175048053,10591.851381646342,19,26259.11,14129,1382.0584210526315,2010-02-16 10:11:00,2011-07-24 10:54:00,Strategic,Loyal Customers,High Value,13,"Strengthen loyalty through personalized offers, cross-selling, and loyalty rewards.",1,High-Value Loyal Customers,"Protect and reward through VIP benefits, personalized offers, early access, loyalty rewards, and proactive service."
13001,32.0,732.0,736.0,724.1475,0.9963099140026278,3.6598470768668436,7.281693411998678,14.622669853037962,722.0555671347737,10565.48111794918,33,24042.65,13448,728.5651515151516,2009-12-03 16:21:00,2011-12-05 14:51:00,Strategic,Champions,High Value,15,"Reward with VIP benefits, early access, referral incentives, and premium experiences.",1,High-Value Loyal Customers,"Protect and reward through VIP benefits, personalized offers, early access, loyalty rewards, and proactive service."
15498,30.0,721.0,723.0,754.0953333333333,0.9963972288704234,3.49269267565095,6.948620734325932,13.952102945264626,751.631230207845,10493.887586512832,46,25949.58,12598,564.1213043478261,2009-12-16 17:27:00,2011-12-07 12:48:00,Strategic,Champions,High Value,15,"Reward with VIP benefits, early access, referral incentives, and premium experiences.",1,High-Value Loyal Customers,"Protect and reward through VIP benefits, personalized offers, early access, loyalty rewards, and proactive service."
15640,24.0,721.0,725.0,932.1595833333334,0.9953274664581316,2.7986350982178676,5.568007891278563,11.180652119647096,927.3511983928112,10375.363538970822,30,23828.03,12320,794.2676666666666,2009-12-14 16:36:00,2011-12-05 14:35:00,Strategic,Champions,High Value,15,"Reward with VIP benefits, early access, referral incentives, and premium experiences.",1,High-Value Loyal Customers,"Protect and reward through VIP benefits, personalized offers, early access, loyalty rewards, and proactive service."
18139,1.0,1.0,18.0,1825.74,0.9336812944479045,1.7173956316754297,3.348506345051058,6.5470253322199135,1560.8122711886163,10225.26302672378,6,8438.34,5557,1406.39,2011-11-21 14:06:00,2011-11-22 10:44:00,Strategic,Champions,High Value,14,"Reward with VIP benefits, early access, referral incentives, and premium experiences.",1,High-Value Loyal Customers,"Protect and reward through VIP benefits, personalized offers, early access, loyalty rewards, and proactive service."
14607,13.0,709.0,724.0,1649.456153846154,0.990531418570814,1.5437783879746192,3.071674024576731,6.168867863737647,1627.8596876760616,10048.806018954752,22,23763.13,15335,1080.1422727272727,2009-12-15 11:25:00,2011-11-24 10:35:00,Strategic,Champions,High Value,15,"Reward with VIP benefits, early access, referral incentives, and premium experiences.",1,High-Value Loyal Customers,"Protect and reward through VIP benefits, personalized offers, early access, loyalty rewards, and proactive service."
12540,30.0,713.0,732.0,728.063,0.9930092642227814,3.4414352504977623,6.84701555882646,13.74935770666273,725.802126161985,9986.024191017295,33,22254.489999999998,11019,674.3784848484847,2009-12-07 16:56:00,2011-11-20 11:31:00,Strategic,Champions,High Value,14,"Reward with VIP benefits, early access, referral incentives, and premium experiences.",1,High-Value Loyal Customers,"Protect and reward through VIP benefits, personalized offers, early access, loyalty rewards, and proactive service."
12477,8.0,601.0,623.0,2281.8925,0.9851835524209829,1.1157586806625475,2.218794117780449,4.451803238741311,2229.059332253407,9929.997184355721,9,20276.37,6119,2252.93,2010-03-26 14:01:00,2011-11-17 09:51:00,Strategic,Champions,High Value,14,"Reward with VIP benefits, early access, referral incentives, and premium experiences.",1,High-Value Loyal Customers,"Protect and reward through VIP benefits, personalized offers, early access, loyalty rewards, and proactive service."
12409,6.0,487.0,565.0,2769.468333333333,0.9660815610522,0.9185092090639393,1.825860682586931,3.66114050005544,2681.235002634964,9822.962649311437,7,23419.29,13143,3345.612857142857,2010-05-23 15:21:00,2011-09-22 10:38:00,Strategic,Loyal Customers,High Value,12,"Strengthen loyalty through personalized offers, cross-selling, and loyalty rewards.",1,High-Value Loyal Customers,"Protect and reward through VIP benefits, personalized offers, early access, loyalty rewards, and proactive service."
13319,39.0,728.0,733.0,550.1512820512821,0.9966761611339158,4.463096287393815,8.879551385276546,17.830363705299266,549.4793390557527,9804.00494776254,60,22082.5,9270,368.0416666666667,2009-12-06 14:46:00,2011-12-04 13:34:00,Strategic,Champions,High Value,15,"Reward with VIP benefits, early access, referral incentives, and premium experiences.",1,High-Value Loyal Customers,"Protect and reward through VIP benefits, personalized offers, early access, loyalty rewards, and proactive service."
14051,34.0,736.0,736.0,631.8188235294118,0.9970455448705404,3.8869631472633626,7.733527114425802,15.529877147206763,630.4856744982015,9797.950057772421,38,22394.4,5923,589.3263157894737,2009-12-03 11:53:00,2011-12-09 10:20:00,Strategic,Champions,High Value,15,"Reward with VIP benefits, early access, referral incentives, and premium experiences.",1,High-Value Loyal Customers,"Protect and reward through VIP benefits, personalized offers, early access, loyalty rewards, and proactive service."
14667,49.0,727.0,737.0,435.54857142857145,0.9961237297416282,5.557962560128881,11.057935640641105,22.204932685436034,435.5625291268087,9678.14070585262,56,21593.05,12705,385.59017857142857,2009-12-02 12:38:00,2011-11-29 11:30:00,Strategic,Champions,High Value,15,"Reward with VIP benefits, early access, referral incentives, and premium experiences.",1,High-Value Loyal Customers,"Protect and reward through VIP benefits, personalized offers, early access, loyalty rewards, and proactive service."
13113,35.0,621.0,621.0,516.8414285714285,0.9971269083962148,4.6714598683419695,9.287088695187387,18.624998240311545,516.3163497799567,9622.84327375709,38,18603.04,4540,489.55368421052634,2010-03-28 16:13:00,2011-12-09 12:49:00,Strategic,Champions,High Value,15,"Reward with VIP benefits, early access, referral incentives, and premium experiences.",1,High-Value Loyal Customers,"Protect and reward through VIP benefits, personalized offers, early access, loyalty rewards, and proactive service."
15251,18.0,670.0,679.0,1080.8144444444445,0.9932194652960956,2.2435910389554987,4.462592337668626,8.957107305970345,1072.4998269450878,9612.95114100206,21,20324.54,12108,967.8352380952381,2010-01-29 12:42:00,2011-11-30 15:02:00,Strategic,Champions,High Value,15,"Reward with VIP benefits, early access, referral incentives, and premium experiences.",1,High-Value Loyal Customers,"Protect and reward through VIP benefits, personalized offers, early access, loyalty rewards, and proactive service."
15615,37.0,727.0,737.0,560.2937837837837,0.9956253211337913,4.212298783207495,8.380809392412834,16.829672929304287,559.5214544185142,9422.89598039001,47,21373.97,12090,454.7653191489362,2009-12-02 15:28:00,2011-11-29 14:42:00,Strategic,Champions,High Value,15,"Reward with VIP benefits, early access, referral incentives, and premium experiences.",1,High-Value Loyal Customers,"Protect and reward through VIP benefits, personalized offers, early access, loyalty rewards, and proactive service."
