customer_id,first_purchase,last_purchase,frequency,monetary,total_units,unique_products,recency,tenure_days,average_order_value,r_score,f_score,m_score,rfm_total_score,rfm_code,segment,value_tier,recommended_action
12346,2009-12-14 08:34:00,2011-01-18 10:01:00,12,77556.46,74285,27,326,400,6463.038333333334,2,5,5,12,255,Cannot Lose Them,High Value,High-priority retention intervention; consider direct outreach and strong personalized incentives.
16754,2010-03-08 11:32:00,2010-12-02 17:38:00,30,67502.47,67831,38,372,269,2250.0823333333333,2,5,5,12,255,Cannot Lose Them,High Value,High-priority retention intervention; consider direct outreach and strong personalized incentives.
17850,2009-12-05 12:28:00,2010-12-02 15:27:00,189,56600.08,22785,100,372,362,299.47132275132276,2,5,5,12,255,Cannot Lose Them,High Value,High-priority retention intervention; consider direct outreach and strong personalized incentives.
13093,2009-12-04 10:32:00,2011-03-09 12:14:00,56,54943.65,26227,199,276,460,981.1366071428572,2,5,5,12,255,Cannot Lose Them,High Value,High-priority retention intervention; consider direct outreach and strong personalized incentives.
15749,2011-01-11 12:55:00,2011-04-18 13:20:00,3,44534.3,18028,5,235,97,14844.766666666668,2,3,5,10,235,At Risk,High Value,Prioritize retention campaigns and investigate the reason for declining engagement.
13902,2009-12-15 10:02:00,2010-03-17 13:09:00,5,34095.26,220600,58,632,92,6819.052000000001,1,4,5,10,145,Cannot Lose Them,High Value,High-priority retention intervention; consider direct outreach and strong personalized incentives.
12482,2010-02-24 10:24:00,2010-05-12 16:51:00,29,23691.4,27042,42,576,77,816.944827586207,1,5,5,11,155,Cannot Lose Them,High Value,High-priority retention intervention; consider direct outreach and strong personalized incentives.
14063,2009-12-08 13:46:00,2010-09-27 16:18:00,9,22710.2,3850,30,438,293,2523.355555555556,1,5,5,11,155,Cannot Lose Them,High Value,High-priority retention intervention; consider direct outreach and strong personalized incentives.
15808,2009-12-01 16:30:00,2011-02-06 14:33:00,22,18133.3,7080,348,306,431,824.2409090909091,2,5,5,12,255,Cannot Lose Them,High Value,High-priority retention intervention; consider direct outreach and strong personalized incentives.
17448,2010-03-04 17:29:00,2010-07-30 14:07:00,46,14523.67,11534,569,497,147,315.7319565217391,1,5,5,11,155,Cannot Lose Them,High Value,High-priority retention intervention; consider direct outreach and strong personalized incentives.
15032,2009-12-10 15:27:00,2011-03-28 15:03:00,10,13780.65,8259,39,256,472,1378.065,2,5,5,12,255,Cannot Lose Them,High Value,High-priority retention intervention; consider direct outreach and strong personalized incentives.
13952,2009-12-16 09:41:00,2011-05-06 09:00:00,14,12823.521,5947,238,218,505,915.9657857142857,2,5,5,12,255,Cannot Lose Them,High Value,High-priority retention intervention; consider direct outreach and strong personalized incentives.
14134,2009-12-10 09:25:00,2010-11-22 12:26:00,15,11123.35,5814,130,383,347,741.5566666666667,2,5,5,12,255,Cannot Lose Them,High Value,High-priority retention intervention; consider direct outreach and strong personalized incentives.
14028,2010-06-07 12:02:00,2010-06-07 13:33:00,3,10396.5,7170,3,550,0,3465.5,1,3,5,9,135,At Risk,High Value,Prioritize retention campaigns and investigate the reason for declining engagement.
14828,2009-12-07 11:19:00,2011-05-27 10:16:00,13,9839.460000000001,9718,72,197,535,756.8815384615385,2,5,5,12,255,Cannot Lose Them,High Value,High-priority retention intervention; consider direct outreach and strong personalized incentives.
17504,2010-02-08 09:22:00,2011-05-17 12:59:00,18,9490.17,5420,244,206,463,527.2316666666667,2,5,5,12,255,Cannot Lose Them,High Value,High-priority retention intervention; consider direct outreach and strong personalized incentives.
14439,2010-01-21 14:01:00,2011-01-24 11:39:00,5,9443.04,2244,105,320,367,1888.6080000000002,2,4,5,11,245,Cannot Lose Them,High Value,High-priority retention intervention; consider direct outreach and strong personalized incentives.
17230,2009-12-08 13:41:00,2011-03-20 16:12:00,18,9388.49,3753,141,264,467,521.5827777777778,2,5,5,12,255,Cannot Lose Them,High Value,High-priority retention intervention; consider direct outreach and strong personalized incentives.
12755,2010-01-15 11:57:00,2011-03-04 12:42:00,12,9030.66,3781,34,281,413,752.555,2,5,5,12,255,Cannot Lose Them,High Value,High-priority retention intervention; consider direct outreach and strong personalized incentives.
13715,2010-03-11 15:33:00,2011-03-03 19:21:00,18,8425.69,4907,277,281,357,468.0938888888889,2,5,5,12,255,Cannot Lose Them,High Value,High-priority retention intervention; consider direct outreach and strong personalized incentives.
14160,2010-01-10 12:06:00,2010-04-08 14:30:00,7,8421.47,4661,80,610,88,1203.0671428571427,1,4,5,10,145,Cannot Lose Them,High Value,High-priority retention intervention; consider direct outreach and strong personalized incentives.
13206,2009-12-07 13:48:00,2010-11-04 16:50:00,13,8308.19,7086,393,400,332,639.0915384615384,2,5,5,12,255,Cannot Lose Them,High Value,High-priority retention intervention; consider direct outreach and strong personalized incentives.
18231,2010-01-10 12:13:00,2011-05-31 14:18:00,28,6854.17,2915,218,192,506,244.7917857142857,2,5,5,12,255,Cannot Lose Them,High Value,High-priority retention intervention; consider direct outreach and strong personalized incentives.
15413,2009-12-01 10:18:00,2010-01-17 11:33:00,5,6798.72,2694,20,692,47,1359.7440000000001,1,4,5,10,145,Cannot Lose Them,High Value,High-priority retention intervention; consider direct outreach and strong personalized incentives.
13734,2010-04-16 08:42:00,2010-07-19 12:04:00,4,6695.690000000001,302,24,509,94,1673.9225000000004,1,3,5,9,135,At Risk,High Value,Prioritize retention campaigns and investigate the reason for declining engagement.
15332,2010-07-14 13:01:00,2010-12-08 14:43:00,10,6553.74,2958,113,366,147,655.374,2,5,5,12,255,Cannot Lose Them,High Value,High-priority retention intervention; consider direct outreach and strong personalized incentives.
14154,2010-01-13 12:47:00,2011-04-14 16:26:00,8,6460.7,3222,236,239,456,807.5875,2,4,5,11,245,Cannot Lose Them,High Value,High-priority retention intervention; consider direct outreach and strong personalized incentives.
13615,2010-01-28 15:43:00,2011-01-25 08:21:00,8,6272.53,2910,259,319,361,784.06625,2,4,5,11,245,Cannot Lose Them,High Value,High-priority retention intervention; consider direct outreach and strong personalized incentives.
15369,2009-12-08 07:43:00,2010-08-04 13:54:00,11,6251.26,3288,44,492,239,568.2963636363637,1,5,5,11,155,Cannot Lose Them,High Value,High-priority retention intervention; consider direct outreach and strong personalized incentives.
13935,2010-02-25 16:01:00,2010-04-22 11:21:00,3,6116.92,2252,67,597,55,2038.9733333333334,1,3,5,9,135,At Risk,High Value,Prioritize retention campaigns and investigate the reason for declining engagement.
15202,2010-10-15 12:39:00,2010-10-15 13:05:00,3,6001.49,3,1,420,0,2000.4966666666667,1,3,5,9,135,At Risk,High Value,Prioritize retention campaigns and investigate the reason for declining engagement.
12835,2009-12-03 12:13:00,2010-10-08 10:59:00,41,5996.83,2349,138,428,308,146.2641463414634,1,5,5,11,155,Cannot Lose Them,High Value,High-priority retention intervention; consider direct outreach and strong personalized incentives.
14105,2009-12-18 16:57:00,2011-04-14 17:58:00,5,5988.83,3534,200,239,482,1197.766,2,4,5,11,245,Cannot Lose Them,High Value,High-priority retention intervention; consider direct outreach and strong personalized incentives.
16546,2010-09-23 15:43:00,2011-02-22 11:20:00,6,5606.47,4367,75,291,151,934.4116666666667,2,4,5,11,245,Cannot Lose Them,High Value,High-priority retention intervention; consider direct outreach and strong personalized incentives.
14249,2010-01-29 14:21:00,2010-10-25 12:34:00,12,5400.461,2383,178,411,268,450.0384166666667,1,5,5,11,155,Cannot Lose Them,High Value,High-priority retention intervention; consider direct outreach and strong personalized incentives.
14442,2010-01-18 12:59:00,2011-05-19 11:36:00,7,5367.0199999999995,1431,128,205,485,766.7171428571428,2,4,5,11,245,Cannot Lose Them,High Value,High-priority retention intervention; consider direct outreach and strong personalized incentives.
14081,2009-12-10 18:27:00,2011-02-10 16:17:00,11,5291.09,3633,465,302,426,481.0081818181818,2,5,5,12,255,Cannot Lose Them,High Value,High-priority retention intervention; consider direct outreach and strong personalized incentives.
12625,2010-04-22 11:33:00,2011-05-12 09:54:00,4,5164.88,3309,144,212,384,1291.22,2,3,5,10,235,At Risk,High Value,Prioritize retention campaigns and investigate the reason for declining engagement.
17406,2009-12-06 13:45:00,2011-01-10 15:07:00,14,4889.05,2117,155,333,400,349.21785714285716,2,5,5,12,255,Cannot Lose Them,High Value,High-priority retention intervention; consider direct outreach and strong personalized incentives.
13659,2010-02-17 09:05:00,2011-05-18 12:37:00,12,4884.68,2527,224,206,455,407.0566666666667,2,5,5,12,255,Cannot Lose Them,High Value,High-priority retention intervention; consider direct outreach and strong personalized incentives.
13044,2010-01-08 14:46:00,2011-02-21 15:20:00,11,4848.05,2548,356,291,409,440.7318181818182,2,5,5,12,255,Cannot Lose Them,High Value,High-priority retention intervention; consider direct outreach and strong personalized incentives.
17829,2010-02-22 15:39:00,2011-02-14 12:46:00,5,4756.74,3009,121,299,356,951.348,2,4,5,11,245,Cannot Lose Them,High Value,High-priority retention intervention; consider direct outreach and strong personalized incentives.
13958,2009-12-05 13:12:00,2010-11-25 10:11:00,8,4709.2300000000005,2264,172,380,354,588.6537500000001,2,4,5,11,245,Cannot Lose Them,High Value,High-priority retention intervention; consider direct outreach and strong personalized incentives.
16858,2009-12-15 11:09:00,2010-12-06 09:52:00,11,4668.28,1514,75,369,355,424.3890909090909,2,5,5,12,255,Cannot Lose Them,High Value,High-priority retention intervention; consider direct outreach and strong personalized incentives.
16125,2009-12-14 15:38:00,2010-12-07 15:48:00,15,4581.7,1943,168,367,358,305.44666666666666,2,5,5,12,255,Cannot Lose Them,High Value,High-priority retention intervention; consider direct outreach and strong personalized incentives.
17508,2009-12-07 11:46:00,2011-03-04 08:10:00,8,4579.23,2891,199,281,451,572.40375,2,4,5,11,245,Cannot Lose Them,High Value,High-priority retention intervention; consider direct outreach and strong personalized incentives.
14685,2009-12-13 11:32:00,2010-05-12 13:08:00,8,4536.64,1969,109,576,150,567.08,1,4,5,10,145,Cannot Lose Them,High Value,High-priority retention intervention; consider direct outreach and strong personalized incentives.
14625,2009-12-16 13:23:00,2011-05-27 15:32:00,11,4497.88,2155,167,196,527,408.89818181818185,2,5,5,12,255,Cannot Lose Them,High Value,High-priority retention intervention; consider direct outreach and strong personalized incentives.
14648,2009-12-10 13:59:00,2010-10-19 13:12:00,15,4466.65,3265,286,416,312,297.77666666666664,1,5,5,11,155,Cannot Lose Them,High Value,High-priority retention intervention; consider direct outreach and strong personalized incentives.
17138,2010-02-04 14:19:00,2011-03-09 11:54:00,7,4417.27,2024,234,276,397,631.0385714285715,2,4,5,11,245,Cannot Lose Them,High Value,High-priority retention intervention; consider direct outreach and strong personalized incentives.
15633,2009-12-08 17:51:00,2010-07-18 13:54:00,13,4335.96,2048,77,509,221,333.5353846153846,1,5,5,11,155,Cannot Lose Them,High Value,High-priority retention intervention; consider direct outreach and strong personalized incentives.
12967,2010-11-21 11:03:00,2010-12-16 19:10:00,4,4306.92,1272,47,358,25,1076.73,2,3,5,10,235,At Risk,High Value,Prioritize retention campaigns and investigate the reason for declining engagement.
16072,2010-06-08 16:47:00,2011-02-24 14:32:00,4,4180.09,1580,414,288,260,1045.0225,2,3,5,10,235,At Risk,High Value,Prioritize retention campaigns and investigate the reason for declining engagement.
14740,2010-02-25 11:40:00,2011-05-26 18:17:00,11,4161.06,2081,173,197,455,378.27818181818185,2,5,5,12,255,Cannot Lose Them,High Value,High-priority retention intervention; consider direct outreach and strong personalized incentives.
17646,2009-12-16 09:37:00,2011-05-04 13:17:00,13,4149.79,1418,124,219,504,319.2146153846154,2,5,5,12,255,Cannot Lose Them,High Value,High-priority retention intervention; consider direct outreach and strong personalized incentives.
14025,2010-05-05 09:56:00,2010-09-01 10:11:00,8,4057.9,1914,60,465,119,507.2375,1,4,5,10,145,Cannot Lose Them,High Value,High-priority retention intervention; consider direct outreach and strong personalized incentives.
17307,2010-01-19 16:38:00,2010-11-09 13:40:00,11,3999.8900000000003,3667,22,395,293,363.6263636363637,2,5,5,12,255,Cannot Lose Them,High Value,High-priority retention intervention; consider direct outreach and strong personalized incentives.
14817,2010-03-22 12:10:00,2011-05-23 13:35:00,7,3959.86,2462,142,200,427,565.6942857142857,2,4,5,11,245,Cannot Lose Them,High Value,High-priority retention intervention; consider direct outreach and strong personalized incentives.
13542,2009-12-10 19:53:00,2010-11-28 11:24:00,17,3959.49,804,98,377,352,232.91117647058823,2,5,5,12,255,Cannot Lose Them,High Value,High-priority retention intervention; consider direct outreach and strong personalized incentives.
14465,2010-01-07 15:03:00,2011-04-07 12:38:00,11,3925.85,2539,128,247,454,356.8954545454545,2,5,5,12,255,Cannot Lose Them,High Value,High-priority retention intervention; consider direct outreach and strong personalized incentives.
15823,2009-12-08 15:12:00,2010-12-02 15:08:00,4,3897.17,1775,155,372,358,974.2925,2,3,5,10,235,At Risk,High Value,Prioritize retention campaigns and investigate the reason for declining engagement.
13446,2010-02-14 11:52:00,2010-10-05 18:51:00,11,3881.89,2403,113,430,233,352.8990909090909,1,5,5,11,155,Cannot Lose Them,High Value,High-priority retention intervention; consider direct outreach and strong personalized incentives.
14532,2010-01-10 11:47:00,2011-04-17 13:05:00,11,3845.78,1111,209,236,462,349.61636363636364,2,5,5,12,255,Cannot Lose Them,High Value,High-priority retention intervention; consider direct outreach and strong personalized incentives.
13357,2010-03-22 14:30:00,2011-03-27 13:56:00,5,3805.5099999999998,2112,284,257,369,761.102,2,4,5,11,245,Cannot Lose Them,High Value,High-priority retention intervention; consider direct outreach and strong personalized incentives.
16636,2010-03-03 14:06:00,2010-09-27 13:13:00,4,3802.04,2186,62,438,207,950.51,1,3,5,9,135,At Risk,High Value,Prioritize retention campaigns and investigate the reason for declining engagement.
15079,2009-12-08 11:22:00,2011-05-11 12:45:00,12,3767.35,1504,119,213,519,313.9458333333333,2,5,5,12,255,Cannot Lose Them,High Value,High-priority retention intervention; consider direct outreach and strong personalized incentives.
12623,2010-01-12 11:45:00,2011-03-08 13:50:00,7,3747.84,1971,112,276,420,535.4057142857143,2,4,5,11,245,Cannot Lose Them,High Value,High-priority retention intervention; consider direct outreach and strong personalized incentives.
16772,2009-12-18 10:50:00,2010-10-12 13:19:00,3,3698.0499999999997,687,54,423,298,1232.6833333333332,1,3,5,9,135,At Risk,High Value,Prioritize retention campaigns and investigate the reason for declining engagement.
12857,2010-01-25 15:37:00,2011-05-13 10:20:00,6,3688.0,1420,71,211,472,614.6666666666666,2,4,5,11,245,Cannot Lose Them,High Value,High-priority retention intervention; consider direct outreach and strong personalized incentives.
12872,2009-12-03 20:03:00,2011-01-17 10:52:00,13,3662.4900000000002,1845,217,327,409,281.73,2,5,5,12,255,Cannot Lose Them,High Value,High-priority retention intervention; consider direct outreach and strong personalized incentives.
14770,2010-02-25 18:58:00,2011-04-21 14:21:00,8,3637.64,1598,152,232,419,454.705,2,4,5,11,245,Cannot Lose Them,High Value,High-priority retention intervention; consider direct outreach and strong personalized incentives.
16718,2009-12-06 13:07:00,2010-12-05 13:03:00,6,3612.13,2331,123,369,363,602.0216666666666,2,4,5,11,245,Cannot Lose Them,High Value,High-priority retention intervention; consider direct outreach and strong personalized incentives.
15222,2009-12-16 13:49:00,2011-01-25 08:03:00,11,3550.91,4458,98,319,404,322.81,2,5,5,12,255,Cannot Lose Them,High Value,High-priority retention intervention; consider direct outreach and strong personalized incentives.
16336,2010-03-18 08:05:00,2010-10-15 12:32:00,4,3517.69,1473,64,421,211,879.4225,1,3,5,9,135,At Risk,High Value,Prioritize retention campaigns and investigate the reason for declining engagement.
17597,2010-05-05 15:33:00,2011-05-10 11:54:00,5,3484.09,2215,109,214,369,696.818,2,4,5,11,245,Cannot Lose Them,High Value,High-priority retention intervention; consider direct outreach and strong personalized incentives.
12377,2010-04-29 15:34:00,2011-01-28 15:45:00,4,3426.32,2105,129,315,274,856.58,2,3,5,10,235,At Risk,High Value,Prioritize retention campaigns and investigate the reason for declining engagement.
17876,2010-02-02 13:00:00,2010-11-05 10:52:00,3,3424.02,1958,3,400,275,1141.34,2,3,5,10,235,At Risk,High Value,Prioritize retention campaigns and investigate the reason for declining engagement.
13707,2010-06-21 11:57:00,2011-03-17 18:03:00,5,3365.86,2210,142,267,269,673.172,2,4,5,11,245,Cannot Lose Them,High Value,High-priority retention intervention; consider direct outreach and strong personalized incentives.
15538,2010-02-14 12:38:00,2010-06-20 10:49:00,6,3358.3999999999996,1016,3,538,125,559.7333333333332,1,4,5,10,145,Cannot Lose Them,High Value,High-priority retention intervention; consider direct outreach and strong personalized incentives.
13786,2009-12-03 15:32:00,2010-12-07 13:53:00,7,3358.39,1651,80,367,368,479.77,2,4,5,11,245,Cannot Lose Them,High Value,High-priority retention intervention; consider direct outreach and strong personalized incentives.
16351,2009-12-04 16:12:00,2011-01-11 10:26:00,13,3330.0299999999997,2165,124,333,402,256.1561538461538,2,5,5,12,255,Cannot Lose Them,High Value,High-priority retention intervention; consider direct outreach and strong personalized incentives.
13031,2010-06-03 14:57:00,2010-10-28 15:34:00,5,3292.84,2309,275,407,147,658.568,2,4,5,11,245,Cannot Lose Them,High Value,High-priority retention intervention; consider direct outreach and strong personalized incentives.
14161,2009-12-13 11:46:00,2011-05-08 11:41:00,8,3280.08,1608,202,216,510,410.01,2,4,5,11,245,Cannot Lose Them,High Value,High-priority retention intervention; consider direct outreach and strong personalized incentives.
16067,2010-02-02 18:01:00,2010-05-26 12:33:00,3,3269.11,1236,60,563,112,1089.7033333333334,1,3,5,9,135,At Risk,High Value,Prioritize retention campaigns and investigate the reason for declining engagement.
13214,2010-03-03 14:10:00,2010-10-18 10:00:00,7,3264.23,2966,207,418,228,466.31857142857143,1,4,5,10,145,Cannot Lose Them,High Value,High-priority retention intervention; consider direct outreach and strong personalized incentives.
15057,2009-12-05 15:27:00,2011-03-09 15:17:00,5,3255.96,1394,62,275,458,651.192,2,4,5,11,245,Cannot Lose Them,High Value,High-priority retention intervention; consider direct outreach and strong personalized incentives.
14669,2009-12-02 13:06:00,2011-04-12 11:43:00,7,3216.78,2043,334,242,495,459.54,2,4,5,11,245,Cannot Lose Them,High Value,High-priority retention intervention; consider direct outreach and strong personalized incentives.
12976,2010-02-12 15:46:00,2011-05-12 09:55:00,8,3156.38,2684,106,212,453,394.5475,2,4,5,11,245,Cannot Lose Them,High Value,High-priority retention intervention; consider direct outreach and strong personalized incentives.
15614,2010-03-23 11:13:00,2010-09-28 10:46:00,4,3147.36,1632,73,438,188,786.84,1,3,5,9,135,At Risk,High Value,Prioritize retention campaigns and investigate the reason for declining engagement.
17145,2010-02-19 12:07:00,2010-07-15 09:02:00,4,3120.91,2591,168,513,145,780.2275,1,3,5,9,135,At Risk,High Value,Prioritize retention campaigns and investigate the reason for declining engagement.
13052,2010-02-23 12:31:00,2011-05-11 14:12:00,7,3119.33,1424,161,212,442,445.61857142857144,2,4,5,11,245,Cannot Lose Them,High Value,High-priority retention intervention; consider direct outreach and strong personalized incentives.
15353,2009-12-02 11:33:00,2011-03-30 12:15:00,8,3106.12,1522,274,255,483,388.265,2,4,5,11,245,Cannot Lose Them,High Value,High-priority retention intervention; consider direct outreach and strong personalized incentives.
13485,2009-12-03 13:46:00,2011-04-20 13:58:00,11,3019.2200000000003,1798,131,233,503,274.4745454545455,2,5,5,12,255,Cannot Lose Them,High Value,High-priority retention intervention; consider direct outreach and strong personalized incentives.
13963,2010-04-21 16:20:00,2011-02-04 14:43:00,18,3011.87,2061,129,308,288,167.32611111111112,2,5,5,12,255,Cannot Lose Them,High Value,High-priority retention intervention; consider direct outreach and strong personalized incentives.
12754,2011-02-04 10:31:00,2011-04-18 09:00:00,3,3010.74,6481,49,236,72,1003.5799999999999,2,3,5,10,235,At Risk,High Value,Prioritize retention campaigns and investigate the reason for declining engagement.
14590,2009-12-07 14:10:00,2010-10-11 12:06:00,20,2993.37,901,124,425,307,149.6685,1,5,5,11,155,Cannot Lose Them,High Value,High-priority retention intervention; consider direct outreach and strong personalized incentives.
17032,2009-12-10 15:36:00,2010-06-10 12:16:00,8,2984.32,1667,183,548,181,373.04,1,4,5,10,145,Cannot Lose Them,High Value,High-priority retention intervention; consider direct outreach and strong personalized incentives.
16736,2009-12-03 16:12:00,2010-07-22 10:09:00,5,2956.56,1050,116,506,230,591.312,1,4,5,10,145,Cannot Lose Them,High Value,High-priority retention intervention; consider direct outreach and strong personalized incentives.
15235,2010-11-16 12:48:00,2011-05-06 09:44:00,18,2937.81,1735,161,218,170,163.21166666666667,2,5,4,11,254,Cannot Lose Them,High Value,High-priority retention intervention; consider direct outreach and strong personalized incentives.
15100,2010-01-07 14:33:00,2011-01-10 10:35:00,9,2894.7,334,11,334,367,321.6333333333333,2,5,4,11,254,Cannot Lose Them,High Value,High-priority retention intervention; consider direct outreach and strong personalized incentives.
13501,2010-05-18 13:24:00,2011-02-24 18:59:00,3,2885.11,1253,90,288,282,961.7033333333334,2,3,4,9,234,At Risk,High Value,Prioritize retention campaigns and investigate the reason for declining engagement.
12806,2010-04-30 10:44:00,2010-09-30 13:34:00,4,2878.96,2087,58,435,153,719.74,1,3,4,8,134,At Risk,High Value,Prioritize retention campaigns and investigate the reason for declining engagement.
16467,2009-12-02 11:59:00,2010-07-19 11:49:00,7,2869.16,7384,14,509,228,409.88,1,4,4,9,144,Cannot Lose Them,High Value,High-priority retention intervention; consider direct outreach and strong personalized incentives.
16163,2009-12-02 10:00:00,2011-04-21 15:15:00,7,2849.58,768,59,232,505,407.0828571428571,2,4,4,10,244,Cannot Lose Them,High Value,High-priority retention intervention; consider direct outreach and strong personalized incentives.
15817,2010-06-14 13:31:00,2010-10-15 11:07:00,3,2766.4,1596,133,421,122,922.1333333333333,1,3,4,8,134,At Risk,High Value,Prioritize retention campaigns and investigate the reason for declining engagement.
16335,2009-12-04 10:18:00,2010-06-06 11:35:00,7,2753.52,1004,193,552,184,393.36,1,4,4,9,144,Cannot Lose Them,High Value,High-priority retention intervention; consider direct outreach and strong personalized incentives.
12982,2010-04-12 13:50:00,2011-04-11 11:51:00,8,2744.81,1729,139,243,363,343.10125,2,4,4,10,244,Cannot Lose Them,High Value,High-priority retention intervention; consider direct outreach and strong personalized incentives.
17241,2010-02-15 14:47:00,2010-11-19 13:01:00,12,2736.64,859,116,385,276,228.0533333333333,2,5,4,11,254,Cannot Lose Them,High Value,High-priority retention intervention; consider direct outreach and strong personalized incentives.
12986,2010-01-21 10:45:00,2010-10-07 11:57:00,10,2729.84,1164,61,429,259,272.98400000000004,1,5,4,10,154,Cannot Lose Them,High Value,High-priority retention intervention; consider direct outreach and strong personalized incentives.
12725,2010-05-04 13:59:00,2010-12-03 15:45:00,5,2694.56,1306,92,371,213,538.912,2,4,4,10,244,Cannot Lose Them,High Value,High-priority retention intervention; consider direct outreach and strong personalized incentives.
14496,2010-03-16 13:15:00,2011-02-01 09:01:00,8,2668.23,991,64,312,321,333.52875,2,4,4,10,244,Cannot Lose Them,High Value,High-priority retention intervention; consider direct outreach and strong personalized incentives.
13819,2009-12-01 16:18:00,2011-02-11 10:38:00,6,2642.35,2309,47,302,436,440.39166666666665,2,4,4,10,244,Cannot Lose Them,High Value,High-priority retention intervention; consider direct outreach and strong personalized incentives.
14195,2010-03-15 17:12:00,2011-05-22 10:29:00,6,2615.6,2144,10,202,432,435.93333333333334,2,4,4,10,244,Cannot Lose Them,High Value,High-priority retention intervention; consider direct outreach and strong personalized incentives.
14431,2010-01-21 10:49:00,2011-02-10 10:40:00,4,2614.2,1202,72,303,384,653.55,2,3,4,9,234,At Risk,High Value,Prioritize retention campaigns and investigate the reason for declining engagement.
16244,2010-12-02 11:41:00,2011-05-12 10:18:00,3,2579.38,1474,88,212,160,859.7933333333334,2,3,4,9,234,At Risk,High Value,Prioritize retention campaigns and investigate the reason for declining engagement.
16499,2010-06-11 12:22:00,2010-12-14 13:31:00,8,2578.34,1364,104,360,186,322.2925,2,4,4,10,244,Cannot Lose Them,High Value,High-priority retention intervention; consider direct outreach and strong personalized incentives.
17465,2009-12-03 13:25:00,2010-10-10 11:56:00,7,2542.79,1477,103,426,310,363.2557142857143,1,4,4,9,144,Cannot Lose Them,High Value,High-priority retention intervention; consider direct outreach and strong personalized incentives.
16889,2010-05-23 10:46:00,2011-05-29 11:05:00,6,2526.65,1611,163,195,371,421.10833333333335,2,4,4,10,244,Cannot Lose Them,High Value,High-priority retention intervention; consider direct outreach and strong personalized incentives.
17550,2010-02-07 15:07:00,2011-05-26 14:09:00,9,2506.64,968,250,197,472,278.5155555555555,2,5,4,11,254,Cannot Lose Them,High Value,High-priority retention intervention; consider direct outreach and strong personalized incentives.
12978,2009-12-10 12:10:00,2010-11-19 14:29:00,5,2502.82,1394,126,385,344,500.564,2,4,4,10,244,Cannot Lose Them,High Value,High-priority retention intervention; consider direct outreach and strong personalized incentives.
16202,2009-12-02 10:48:00,2010-12-14 10:43:00,9,2501.9900000000002,1307,105,361,376,277.9988888888889,2,5,4,11,254,Cannot Lose Them,High Value,High-priority retention intervention; consider direct outreach and strong personalized incentives.
16795,2010-01-25 13:14:00,2010-12-09 14:08:00,4,2477.29,1453,306,365,318,619.3225,2,3,4,9,234,At Risk,High Value,Prioritize retention campaigns and investigate the reason for declining engagement.
13762,2010-01-10 12:13:00,2011-05-05 09:15:00,5,2472.48,2608,23,219,479,494.496,2,4,4,10,244,Cannot Lose Them,High Value,High-priority retention intervention; consider direct outreach and strong personalized incentives.
17732,2010-08-09 08:41:00,2010-12-02 09:29:00,9,2470.39,1151,90,373,115,274.48777777777775,2,5,4,11,254,Cannot Lose Them,High Value,High-priority retention intervention; consider direct outreach and strong personalized incentives.
15221,2010-03-12 10:40:00,2010-12-08 13:08:00,5,2465.45,287,21,366,271,493.09,2,4,4,10,244,Cannot Lose Them,High Value,High-priority retention intervention; consider direct outreach and strong personalized incentives.
13151,2010-03-22 10:26:00,2011-02-17 12:29:00,3,2465.21,813,131,296,332,821.7366666666667,2,3,4,9,234,At Risk,High Value,Prioritize retention campaigns and investigate the reason for declining engagement.
14256,2010-01-14 10:35:00,2011-03-24 13:17:00,5,2460.79,1147,100,260,434,492.158,2,4,4,10,244,Cannot Lose Them,High Value,High-priority retention intervention; consider direct outreach and strong personalized incentives.
12733,2010-01-19 13:23:00,2011-04-19 16:19:00,4,2424.87,896,117,234,455,606.2175,2,3,4,9,234,At Risk,High Value,Prioritize retention campaigns and investigate the reason for declining engagement.
15658,2009-12-03 11:19:00,2011-06-02 15:22:00,9,2423.4700000000003,691,79,190,546,269.2744444444445,2,5,4,11,254,Cannot Lose Them,High Value,High-priority retention intervention; consider direct outreach and strong personalized incentives.
16812,2010-11-22 14:36:00,2010-12-14 12:35:00,4,2392.0,1116,98,361,21,598.0,2,3,4,9,234,At Risk,High Value,Prioritize retention campaigns and investigate the reason for declining engagement.
16105,2010-04-14 13:27:00,2011-04-05 10:13:00,5,2386.19,2125,92,249,355,477.238,2,4,4,10,244,Cannot Lose Them,High Value,High-priority retention intervention; consider direct outreach and strong personalized incentives.
16065,2010-09-02 13:27:00,2010-12-09 13:03:00,9,2359.27,1435,214,365,97,262.1411111111111,2,5,4,11,254,Cannot Lose Them,High Value,High-priority retention intervention; consider direct outreach and strong personalized incentives.
15015,2009-12-14 14:46:00,2010-07-26 13:50:00,13,2354.97,1584,158,501,223,181.15153846153845,1,5,4,10,154,Cannot Lose Them,High Value,High-priority retention intervention; consider direct outreach and strong personalized incentives.
17113,2010-01-11 10:14:00,2010-05-14 13:59:00,6,2305.59,913,122,574,123,384.26500000000004,1,4,4,9,144,Cannot Lose Them,High Value,High-priority retention intervention; consider direct outreach and strong personalized incentives.
15946,2010-03-16 10:49:00,2010-07-25 12:18:00,3,2304.18,1614,25,503,131,768.06,1,3,4,8,134,At Risk,High Value,Prioritize retention campaigns and investigate the reason for declining engagement.
18095,2010-04-19 14:09:00,2011-01-31 12:50:00,5,2303.09,1623,37,313,286,460.61800000000005,2,4,4,10,244,Cannot Lose Them,High Value,High-priority retention intervention; consider direct outreach and strong personalized incentives.
13059,2010-03-31 12:23:00,2011-04-04 10:40:00,10,2291.77,860,155,250,368,229.177,2,5,4,11,254,Cannot Lose Them,High Value,High-priority retention intervention; consider direct outreach and strong personalized incentives.
18051,2009-12-09 12:17:00,2010-03-15 13:58:00,7,2282.28,1661,41,634,96,326.04,1,4,4,9,144,Cannot Lose Them,High Value,High-priority retention intervention; consider direct outreach and strong personalized incentives.
15638,2010-04-08 14:37:00,2010-11-26 11:52:00,6,2265.2,1134,20,379,231,377.5333333333333,2,4,4,10,244,Cannot Lose Them,High Value,High-priority retention intervention; consider direct outreach and strong personalized incentives.
13407,2010-02-16 11:13:00,2010-05-10 12:41:00,3,2244.7,1690,85,579,83,748.2333333333332,1,3,4,8,134,At Risk,High Value,Prioritize retention campaigns and investigate the reason for declining engagement.
16823,2009-12-02 09:57:00,2011-04-26 15:00:00,7,2243.09,1166,149,227,510,320.4414285714286,2,4,4,10,244,Cannot Lose Them,High Value,High-priority retention intervention; consider direct outreach and strong personalized incentives.
15629,2010-06-25 11:39:00,2010-09-15 13:46:00,4,2240.9,1518,39,450,82,560.225,1,3,4,8,134,At Risk,High Value,Prioritize retention campaigns and investigate the reason for declining engagement.
13478,2010-01-31 15:51:00,2010-08-27 13:23:00,5,2215.78,1189,114,469,207,443.15600000000006,1,4,4,9,144,Cannot Lose Them,High Value,High-priority retention intervention; consider direct outreach and strong personalized incentives.
15476,2010-09-23 14:00:00,2010-11-24 15:17:00,4,2209.98,1174,67,380,62,552.495,2,3,4,9,234,At Risk,High Value,Prioritize retention campaigns and investigate the reason for declining engagement.
15649,2010-11-17 16:22:00,2011-01-07 13:34:00,5,2170.35,485,8,336,50,434.07,2,4,4,10,244,Cannot Lose Them,High Value,High-priority retention intervention; consider direct outreach and strong personalized incentives.
15944,2009-12-13 12:57:00,2011-03-08 10:33:00,4,2164.24,859,25,277,449,541.06,2,3,4,9,234,At Risk,High Value,Prioritize retention campaigns and investigate the reason for declining engagement.
17822,2010-05-28 12:15:00,2010-10-15 13:47:00,5,2162.93,1375,152,420,140,432.58599999999996,1,4,4,9,144,Cannot Lose Them,High Value,High-priority retention intervention; consider direct outreach and strong personalized incentives.
16275,2010-03-08 14:41:00,2011-05-27 12:41:00,3,2151.11,1268,105,197,444,717.0366666666667,2,3,4,9,234,At Risk,High Value,Prioritize retention campaigns and investigate the reason for declining engagement.
18239,2010-10-13 10:11:00,2011-05-05 12:38:00,7,2150.36,1052,85,219,204,307.19428571428574,2,4,4,10,244,Cannot Lose Them,High Value,High-priority retention intervention; consider direct outreach and strong personalized incentives.
16716,2010-03-19 11:05:00,2011-03-18 10:03:00,3,2149.6800000000003,912,7,267,363,716.5600000000001,2,3,4,9,234,At Risk,High Value,Prioritize retention campaigns and investigate the reason for declining engagement.
16004,2010-01-25 13:56:00,2010-08-22 11:48:00,5,2146.39,1076,63,475,208,429.27799999999996,1,4,4,9,144,Cannot Lose Them,High Value,High-priority retention intervention; consider direct outreach and strong personalized incentives.
13152,2010-01-14 10:01:00,2010-10-18 13:44:00,7,2146.38,977,114,417,277,306.6257142857143,1,4,4,9,144,Cannot Lose Them,High Value,High-priority retention intervention; consider direct outreach and strong personalized incentives.
18009,2010-02-25 11:49:00,2011-04-18 13:36:00,8,2144.23,651,145,235,417,268.02875,2,4,4,10,244,Cannot Lose Them,High Value,High-priority retention intervention; consider direct outreach and strong personalized incentives.
14634,2010-06-16 09:48:00,2010-09-28 10:40:00,4,2124.46,1906,105,438,104,531.115,1,3,4,8,134,At Risk,High Value,Prioritize retention campaigns and investigate the reason for declining engagement.
14399,2010-02-03 13:09:00,2010-11-10 13:23:00,8,2108.21,965,119,394,280,263.52625,2,4,4,10,244,Cannot Lose Them,High Value,High-priority retention intervention; consider direct outreach and strong personalized incentives.
12975,2009-12-06 10:38:00,2010-09-29 09:46:00,6,2100.09,911,92,437,296,350.01500000000004,1,4,4,9,144,Cannot Lose Them,High Value,High-priority retention intervention; consider direct outreach and strong personalized incentives.
13753,2009-12-03 10:20:00,2011-02-25 12:48:00,4,2094.57,1450,64,288,449,523.6425,2,3,4,9,234,At Risk,High Value,Prioritize retention campaigns and investigate the reason for declining engagement.
14469,2010-01-29 11:12:00,2010-10-19 14:30:00,4,2093.46,973,120,416,263,523.365,1,3,4,8,134,At Risk,High Value,Prioritize retention campaigns and investigate the reason for declining engagement.
15456,2009-12-08 12:54:00,2011-03-01 13:51:00,10,2091.52,2727,128,283,448,209.152,2,5,4,11,254,Cannot Lose Them,High Value,High-priority retention intervention; consider direct outreach and strong personalized incentives.
14896,2009-12-06 12:42:00,2011-05-19 10:20:00,9,2083.2200000000003,1115,150,205,528,231.46888888888893,2,5,4,11,254,Cannot Lose Them,High Value,High-priority retention intervention; consider direct outreach and strong personalized incentives.
18258,2010-05-16 11:35:00,2010-09-01 14:20:00,6,2059.67,1981,30,464,108,343.27833333333336,1,4,4,9,144,Cannot Lose Them,High Value,High-priority retention intervention; consider direct outreach and strong personalized incentives.
16176,2010-03-29 14:52:00,2010-10-14 13:54:00,4,2052.69,952,53,421,198,513.1725,1,3,4,8,134,At Risk,High Value,Prioritize retention campaigns and investigate the reason for declining engagement.
13874,2010-02-04 18:39:00,2010-12-16 18:20:00,7,2049.15,864,46,358,314,292.7357142857143,2,4,4,10,244,Cannot Lose Them,High Value,High-priority retention intervention; consider direct outreach and strong personalized incentives.
14000,2009-12-02 09:50:00,2011-05-12 16:50:00,5,2046.3400000000001,1838,28,211,526,409.26800000000003,2,4,4,10,244,Cannot Lose Them,High Value,High-priority retention intervention; consider direct outreach and strong personalized incentives.
14988,2010-04-16 13:34:00,2011-05-12 12:05:00,7,2038.65,1260,171,212,390,291.2357142857143,2,4,4,10,244,Cannot Lose Them,High Value,High-priority retention intervention; consider direct outreach and strong personalized incentives.
16331,2010-03-07 10:55:00,2010-10-03 13:47:00,6,2037.7,756,33,432,210,339.6166666666667,1,4,4,9,144,Cannot Lose Them,High Value,High-priority retention intervention; consider direct outreach and strong personalized incentives.
14225,2010-01-12 15:02:00,2010-10-01 10:32:00,4,2031.07,1167,70,435,261,507.7675,1,3,4,8,134,At Risk,High Value,Prioritize retention campaigns and investigate the reason for declining engagement.
12873,2010-01-27 09:50:00,2011-03-02 14:58:00,3,2027.3,786,33,282,399,675.7666666666667,2,3,4,9,234,At Risk,High Value,Prioritize retention campaigns and investigate the reason for declining engagement.
16510,2010-01-17 12:30:00,2010-12-02 13:39:00,7,2025.6,1022,94,372,319,289.37142857142857,2,4,4,10,244,Cannot Lose Them,High Value,High-priority retention intervention; consider direct outreach and strong personalized incentives.
13696,2010-02-11 14:17:00,2010-10-14 09:44:00,3,2020.4,552,24,422,244,673.4666666666667,1,3,4,8,134,At Risk,High Value,Prioritize retention campaigns and investigate the reason for declining engagement.
16197,2009-12-16 11:44:00,2010-08-27 12:56:00,9,2016.71,1420,52,469,254,224.07888888888888,1,5,4,10,154,Cannot Lose Them,High Value,High-priority retention intervention; consider direct outreach and strong personalized incentives.
17152,2010-10-10 12:40:00,2011-05-29 12:19:00,4,2016.5,577,9,195,230,504.125,2,3,4,9,234,At Risk,High Value,Prioritize retention campaigns and investigate the reason for declining engagement.
13693,2009-12-07 11:29:00,2010-11-30 18:21:00,9,2011.82,880,78,374,358,223.53555555555556,2,5,4,11,254,Cannot Lose Them,High Value,High-priority retention intervention; consider direct outreach and strong personalized incentives.
16529,2010-06-27 13:29:00,2011-06-02 17:23:00,4,1986.8,739,87,190,340,496.7,2,3,4,9,234,At Risk,High Value,Prioritize retention campaigns and investigate the reason for declining engagement.
12582,2010-05-11 09:55:00,2011-04-15 08:45:00,4,1980.4,985,88,239,338,495.1,2,3,4,9,234,At Risk,High Value,Prioritize retention campaigns and investigate the reason for declining engagement.
16032,2010-07-04 13:31:00,2010-09-09 18:00:00,6,1965.72,1467,130,456,67,327.62,1,4,4,9,144,Cannot Lose Them,High Value,High-priority retention intervention; consider direct outreach and strong personalized incentives.
15789,2010-03-26 11:21:00,2010-12-16 14:35:00,6,1962.01,2499,110,358,265,327.00166666666667,2,4,4,10,244,Cannot Lose Them,High Value,High-priority retention intervention; consider direct outreach and strong personalized incentives.
16290,2010-05-23 11:46:00,2010-09-01 11:52:00,4,1957.7,957,85,465,101,489.425,1,3,4,8,134,At Risk,High Value,Prioritize retention campaigns and investigate the reason for declining engagement.
15425,2010-02-14 12:36:00,2010-11-04 18:13:00,4,1941.1200000000001,1041,114,400,263,485.28000000000003,2,3,4,9,234,At Risk,High Value,Prioritize retention campaigns and investigate the reason for declining engagement.
16619,2010-02-22 12:05:00,2011-03-21 08:18:00,4,1938.33,1055,103,264,391,484.5825,2,3,4,9,234,At Risk,High Value,Prioritize retention campaigns and investigate the reason for declining engagement.
14492,2010-03-30 14:23:00,2010-10-05 13:21:00,7,1921.91,751,70,430,188,274.55857142857144,1,4,4,9,144,Cannot Lose Them,High Value,High-priority retention intervention; consider direct outreach and strong personalized incentives.
18220,2009-12-15 11:42:00,2011-04-27 09:03:00,6,1921.76,1352,17,227,497,320.29333333333335,2,4,4,10,244,Cannot Lose Them,High Value,High-priority retention intervention; consider direct outreach and strong personalized incentives.
16692,2010-09-24 11:31:00,2011-03-28 14:46:00,4,1914.6999999999998,878,3,256,185,478.67499999999995,2,3,4,9,234,At Risk,High Value,Prioritize retention campaigns and investigate the reason for declining engagement.
15248,2010-06-23 14:34:00,2010-10-24 13:09:00,3,1893.93,1065,103,411,122,631.3100000000001,1,3,4,8,134,At Risk,High Value,Prioritize retention campaigns and investigate the reason for declining engagement.
16631,2010-02-26 10:49:00,2010-08-15 11:20:00,7,1892.52,775,46,482,170,270.36,1,4,4,9,144,Cannot Lose Them,High Value,High-priority retention intervention; consider direct outreach and strong personalized incentives.
15381,2010-05-05 14:35:00,2011-05-10 11:55:00,5,1890.57,802,20,214,369,378.114,2,4,4,10,244,Cannot Lose Them,High Value,High-priority retention intervention; consider direct outreach and strong personalized incentives.
14130,2009-12-11 16:33:00,2011-01-24 16:05:00,4,1858.77,1215,189,319,408,464.6925,2,3,4,9,234,At Risk,High Value,Prioritize retention campaigns and investigate the reason for declining engagement.
14870,2010-01-25 09:05:00,2011-03-23 10:51:00,6,1838.95,483,43,262,422,306.4916666666667,2,4,4,10,244,Cannot Lose Them,High Value,High-priority retention intervention; consider direct outreach and strong personalized incentives.
16634,2010-01-21 09:30:00,2011-05-01 12:09:00,7,1814.61,1321,72,223,465,259.22999999999996,2,4,4,10,244,Cannot Lose Them,High Value,High-priority retention intervention; consider direct outreach and strong personalized incentives.
16725,2009-12-13 15:54:00,2011-02-10 16:52:00,15,1810.41,764,242,302,424,120.694,2,5,4,11,254,Cannot Lose Them,High Value,High-priority retention intervention; consider direct outreach and strong personalized incentives.
13561,2010-02-28 13:42:00,2011-05-08 12:39:00,11,1803.4,1125,131,216,433,163.94545454545457,2,5,4,11,254,Cannot Lose Them,High Value,High-priority retention intervention; consider direct outreach and strong personalized incentives.
16797,2009-12-02 13:33:00,2010-11-11 19:14:00,5,1802.02,898,289,393,344,360.404,2,4,4,10,244,Cannot Lose Them,High Value,High-priority retention intervention; consider direct outreach and strong personalized incentives.
17165,2009-12-11 09:18:00,2011-02-28 16:39:00,6,1794.32,788,77,284,444,299.05333333333334,2,4,4,10,244,Cannot Lose Them,High Value,High-priority retention intervention; consider direct outreach and strong personalized incentives.
13711,2009-12-15 19:04:00,2011-05-05 10:31:00,9,1792.26,819,80,219,505,199.14,2,5,4,11,254,Cannot Lose Them,High Value,High-priority retention intervention; consider direct outreach and strong personalized incentives.
12369,2010-03-08 08:09:00,2010-10-22 13:13:00,3,1791.15,1241,90,413,228,597.0500000000001,1,3,4,8,134,At Risk,High Value,Prioritize retention campaigns and investigate the reason for declining engagement.
18214,2010-06-03 19:47:00,2010-06-27 11:21:00,4,1780.34,989,38,531,23,445.085,1,3,4,8,134,At Risk,High Value,Prioritize retention campaigns and investigate the reason for declining engagement.
13920,2010-05-26 15:48:00,2010-10-04 12:37:00,4,1774.68,1772,81,432,130,443.67,1,3,4,8,134,At Risk,High Value,Prioritize retention campaigns and investigate the reason for declining engagement.
16124,2009-12-07 10:33:00,2011-01-26 14:45:00,4,1772.49,797,63,317,415,443.1225,2,3,4,9,234,At Risk,High Value,Prioritize retention campaigns and investigate the reason for declining engagement.
14850,2010-05-20 13:28:00,2011-02-01 11:21:00,7,1770.96,1393,129,312,256,252.99428571428572,2,4,4,10,244,Cannot Lose Them,High Value,High-priority retention intervention; consider direct outreach and strong personalized incentives.
14933,2010-09-21 17:29:00,2010-09-22 10:47:00,4,1770.0,600,1,444,0,442.5,1,3,4,8,134,At Risk,High Value,Prioritize retention campaigns and investigate the reason for declining engagement.
15972,2010-04-18 14:06:00,2010-09-09 13:20:00,5,1769.33,468,104,456,143,353.866,1,4,4,9,144,Cannot Lose Them,High Value,High-priority retention intervention; consider direct outreach and strong personalized incentives.
13648,2009-12-01 18:13:00,2010-11-04 14:46:00,8,1764.02,960,95,400,337,220.5025,2,4,4,10,244,Cannot Lose Them,High Value,High-priority retention intervention; consider direct outreach and strong personalized incentives.
15777,2010-05-20 10:37:00,2011-04-12 16:43:00,7,1762.61,599,29,241,327,251.80142857142854,2,4,4,10,244,Cannot Lose Them,High Value,High-priority retention intervention; consider direct outreach and strong personalized incentives.
16087,2010-01-19 12:30:00,2010-11-15 16:44:00,5,1739.92,664,6,389,300,347.98400000000004,2,4,4,10,244,Cannot Lose Them,High Value,High-priority retention intervention; consider direct outreach and strong personalized incentives.
13531,2009-12-03 15:20:00,2011-05-18 16:56:00,7,1738.52,600,44,205,531,248.35999999999999,2,4,4,10,244,Cannot Lose Them,High Value,High-priority retention intervention; consider direct outreach and strong personalized incentives.
14304,2010-05-18 10:50:00,2011-05-01 11:50:00,3,1725.01,775,69,223,348,575.0033333333333,2,3,4,9,234,At Risk,High Value,Prioritize retention campaigns and investigate the reason for declining engagement.
13665,2010-07-23 13:29:00,2010-11-18 13:06:00,3,1711.6599999999999,1652,97,386,117,570.5533333333333,2,3,4,9,234,At Risk,High Value,Prioritize retention campaigns and investigate the reason for declining engagement.
15607,2010-01-08 12:16:00,2011-01-07 12:44:00,9,1708.97,1470,95,337,364,189.88555555555556,2,5,4,11,254,Cannot Lose Them,High Value,High-priority retention intervention; consider direct outreach and strong personalized incentives.
15326,2009-12-01 13:19:00,2011-01-10 11:38:00,5,1700.52,1351,94,334,404,340.104,2,4,4,10,244,Cannot Lose Them,High Value,High-priority retention intervention; consider direct outreach and strong personalized incentives.
15911,2009-12-09 13:26:00,2010-03-26 12:06:00,8,1700.24,810,162,624,106,212.53,1,4,4,9,144,Cannot Lose Them,High Value,High-priority retention intervention; consider direct outreach and strong personalized incentives.
12932,2010-02-10 08:46:00,2010-06-18 14:22:00,8,1698.56,1609,69,539,128,212.32,1,4,4,9,144,Cannot Lose Them,High Value,High-priority retention intervention; consider direct outreach and strong personalized incentives.
16010,2010-10-24 10:54:00,2011-04-08 10:14:00,11,1694.86,919,122,246,165,154.0781818181818,2,5,4,11,254,Cannot Lose Them,High Value,High-priority retention intervention; consider direct outreach and strong personalized incentives.
13294,2010-03-03 12:54:00,2011-06-03 08:54:00,3,1689.53,996,93,190,456,563.1766666666666,2,3,4,9,234,At Risk,High Value,Prioritize retention campaigns and investigate the reason for declining engagement.
12813,2010-01-15 16:52:00,2010-07-26 09:50:00,3,1687.8,1141,37,502,191,562.6,1,3,4,8,134,At Risk,High Value,Prioritize retention campaigns and investigate the reason for declining engagement.
15732,2010-02-04 10:10:00,2011-05-11 14:24:00,11,1682.07,1361,53,212,461,152.91545454545454,2,5,4,11,254,Cannot Lose Them,High Value,High-priority retention intervention; consider direct outreach and strong personalized incentives.
13800,2009-12-03 10:03:00,2011-02-03 12:27:00,3,1679.56,891,73,310,427,559.8533333333334,2,3,4,9,234,At Risk,High Value,Prioritize retention campaigns and investigate the reason for declining engagement.
12870,2010-03-25 14:32:00,2010-11-29 13:42:00,3,1676.95,906,85,375,248,558.9833333333333,2,3,4,9,234,At Risk,High Value,Prioritize retention campaigns and investigate the reason for declining engagement.
14831,2009-12-02 09:21:00,2010-01-28 14:31:00,3,1676.57,885,67,680,57,558.8566666666667,1,3,4,8,134,At Risk,High Value,Prioritize retention campaigns and investigate the reason for declining engagement.
16329,2009-12-01 11:34:00,2010-10-08 12:44:00,4,1664.92,797,83,428,311,416.23,1,3,4,8,134,At Risk,High Value,Prioritize retention campaigns and investigate the reason for declining engagement.
16625,2010-06-14 11:56:00,2011-03-10 12:50:00,5,1654.03,1057,82,275,269,330.806,2,4,4,10,244,Cannot Lose Them,High Value,High-priority retention intervention; consider direct outreach and strong personalized incentives.
13649,2010-06-30 16:35:00,2011-03-28 11:51:00,7,1651.48,849,97,257,270,235.9257142857143,2,4,4,10,244,Cannot Lose Them,High Value,High-priority retention intervention; consider direct outreach and strong personalized incentives.
18085,2010-03-21 11:57:00,2011-01-13 15:17:00,5,1645.75,585,42,330,298,329.15,2,4,4,10,244,Cannot Lose Them,High Value,High-priority retention intervention; consider direct outreach and strong personalized incentives.
13506,2010-09-05 12:33:00,2011-01-27 13:53:00,6,1639.2,1174,55,316,144,273.2,2,4,4,10,244,Cannot Lose Them,High Value,High-priority retention intervention; consider direct outreach and strong personalized incentives.
16256,2010-04-21 10:34:00,2011-03-18 12:18:00,3,1629.3700000000001,1590,27,267,331,543.1233333333333,2,3,4,9,234,At Risk,High Value,Prioritize retention campaigns and investigate the reason for declining engagement.
13554,2010-09-19 12:39:00,2010-11-24 15:05:00,7,1629.35,578,156,380,66,232.7642857142857,2,4,4,10,244,Cannot Lose Them,High Value,High-priority retention intervention; consider direct outreach and strong personalized incentives.
15167,2010-02-04 14:13:00,2011-01-23 12:41:00,5,1627.62,863,262,321,352,325.524,2,4,4,10,244,Cannot Lose Them,High Value,High-priority retention intervention; consider direct outreach and strong personalized incentives.
13154,2009-12-04 08:46:00,2010-11-05 16:00:00,3,1624.84,976,78,399,336,541.6133333333333,2,3,4,9,234,At Risk,High Value,Prioritize retention campaigns and investigate the reason for declining engagement.
15422,2010-02-07 11:52:00,2011-01-20 16:17:00,7,1619.97,710,80,323,347,231.42428571428573,2,4,4,10,244,Cannot Lose Them,High Value,High-priority retention intervention; consider direct outreach and strong personalized incentives.
15013,2010-01-31 12:15:00,2010-08-09 12:05:00,10,1610.82,1715,177,488,189,161.082,1,5,4,10,154,Cannot Lose Them,High Value,High-priority retention intervention; consider direct outreach and strong personalized incentives.
16860,2010-02-15 13:46:00,2010-09-13 10:05:00,3,1610.62,625,35,453,209,536.8733333333333,1,3,4,8,134,At Risk,High Value,Prioritize retention campaigns and investigate the reason for declining engagement.
14920,2010-05-23 15:25:00,2011-05-11 10:32:00,3,1607.17,886,90,213,352,535.7233333333334,2,3,4,9,234,At Risk,High Value,Prioritize retention campaigns and investigate the reason for declining engagement.
17853,2009-12-03 15:09:00,2010-10-28 15:29:00,3,1596.29,625,84,407,329,532.0966666666667,2,3,4,9,234,At Risk,High Value,Prioritize retention campaigns and investigate the reason for declining engagement.
13239,2010-07-25 13:34:00,2011-03-23 10:25:00,5,1594.69,1151,86,262,240,318.938,2,4,4,10,244,Cannot Lose Them,High Value,High-priority retention intervention; consider direct outreach and strong personalized incentives.
17028,2009-12-18 14:28:00,2010-05-07 15:33:00,3,1593.83,856,85,581,140,531.2766666666666,1,3,4,8,134,At Risk,High Value,Prioritize retention campaigns and investigate the reason for declining engagement.
13156,2010-02-01 13:45:00,2010-11-19 13:09:00,3,1586.54,914,94,385,290,528.8466666666667,2,3,4,9,234,At Risk,High Value,Prioritize retention campaigns and investigate the reason for declining engagement.
16096,2010-03-04 15:44:00,2011-03-20 13:38:00,4,1584.97,700,58,264,380,396.2425,2,3,4,9,234,At Risk,High Value,Prioritize retention campaigns and investigate the reason for declining engagement.
13740,2009-12-02 12:22:00,2011-04-13 10:32:00,5,1582.77,987,83,241,496,316.554,2,4,4,10,244,Cannot Lose Them,High Value,High-priority retention intervention; consider direct outreach and strong personalized incentives.
15279,2010-02-02 10:15:00,2010-12-20 10:48:00,5,1580.54,802,74,355,321,316.108,2,4,4,10,244,Cannot Lose Them,High Value,High-priority retention intervention; consider direct outreach and strong personalized incentives.
13202,2009-12-09 10:48:00,2010-11-10 16:24:00,7,1580.3,572,55,394,336,225.75714285714284,2,4,4,10,244,Cannot Lose Them,High Value,High-priority retention intervention; consider direct outreach and strong personalized incentives.
12549,2010-01-11 12:29:00,2010-05-13 12:05:00,6,1575.68,1366,38,576,121,262.61333333333334,1,4,4,9,144,Cannot Lose Them,High Value,High-priority retention intervention; consider direct outreach and strong personalized incentives.
14489,2010-04-06 09:52:00,2011-05-16 14:51:00,4,1574.93,1011,65,207,405,393.7325,2,3,4,9,234,At Risk,High Value,Prioritize retention campaigns and investigate the reason for declining engagement.
14136,2009-12-08 09:19:00,2010-11-04 11:53:00,5,1570.81,1148,86,401,331,314.162,2,4,4,10,244,Cannot Lose Them,High Value,High-priority retention intervention; consider direct outreach and strong personalized incentives.
13360,2010-01-08 11:16:00,2010-10-04 12:37:00,4,1553.65,942,58,432,269,388.4125,1,3,4,8,134,At Risk,High Value,Prioritize retention campaigns and investigate the reason for declining engagement.
17851,2009-12-03 17:46:00,2010-10-13 15:13:00,6,1552.35,933,185,422,313,258.72499999999997,1,4,4,9,144,Cannot Lose Them,High Value,High-priority retention intervention; consider direct outreach and strong personalized incentives.
14186,2010-03-05 11:17:00,2010-10-08 13:30:00,5,1550.63,1550,75,427,217,310.12600000000003,1,4,4,9,144,Cannot Lose Them,High Value,High-priority retention intervention; consider direct outreach and strong personalized incentives.
17454,2010-01-15 15:40:00,2011-05-31 13:58:00,10,1547.94,727,98,192,500,154.794,2,5,4,11,254,Cannot Lose Them,High Value,High-priority retention intervention; consider direct outreach and strong personalized incentives.
13783,2010-02-04 13:47:00,2010-08-09 09:23:00,4,1542.09,3437,4,488,185,385.5225,1,3,4,8,134,At Risk,High Value,Prioritize retention campaigns and investigate the reason for declining engagement.
15798,2010-01-27 11:55:00,2010-08-04 09:13:00,3,1535.37,915,73,493,188,511.78999999999996,1,3,4,8,134,At Risk,High Value,Prioritize retention campaigns and investigate the reason for declining engagement.
14695,2009-12-07 11:05:00,2010-07-08 14:18:00,3,1534.22,661,76,519,213,511.4066666666667,1,3,4,8,134,At Risk,High Value,Prioritize retention campaigns and investigate the reason for declining engagement.
17990,2009-12-07 15:19:00,2011-04-17 11:44:00,6,1527.6100000000001,777,40,237,495,254.6016666666667,2,4,4,10,244,Cannot Lose Them,High Value,High-priority retention intervention; consider direct outreach and strong personalized incentives.
12926,2009-12-14 14:35:00,2010-10-24 15:57:00,4,1523.97,754,202,411,314,380.9925,1,3,4,8,134,At Risk,High Value,Prioritize retention campaigns and investigate the reason for declining engagement.
14068,2010-01-31 10:10:00,2011-01-23 16:02:00,4,1516.72,510,93,320,357,379.18,2,3,4,9,234,At Risk,High Value,Prioritize retention campaigns and investigate the reason for declining engagement.
14220,2010-05-19 13:26:00,2011-04-06 13:23:00,4,1515.0,468,26,247,321,378.75,2,3,4,9,234,At Risk,High Value,Prioritize retention campaigns and investigate the reason for declining engagement.
17610,2009-12-06 16:07:00,2010-06-17 16:34:00,5,1511.94,893,114,540,193,302.38800000000003,1,4,4,9,144,Cannot Lose Them,High Value,High-priority retention intervention; consider direct outreach and strong personalized incentives.
16037,2010-03-01 12:31:00,2011-03-15 09:13:00,5,1509.3400000000001,766,62,270,378,301.86800000000005,2,4,4,10,244,Cannot Lose Them,High Value,High-priority retention intervention; consider direct outreach and strong personalized incentives.
18074,2010-07-22 10:31:00,2010-12-01 09:53:00,3,1509.04,551,37,374,131,503.0133333333333,2,3,4,9,234,At Risk,High Value,Prioritize retention campaigns and investigate the reason for declining engagement.
16714,2010-02-07 11:17:00,2011-05-05 11:09:00,4,1497.33,828,95,219,451,374.3325,2,3,4,9,234,At Risk,High Value,Prioritize retention campaigns and investigate the reason for declining engagement.
15590,2010-04-12 10:09:00,2010-11-22 14:49:00,5,1496.6,832,75,382,224,299.32,2,4,4,10,244,Cannot Lose Them,High Value,High-priority retention intervention; consider direct outreach and strong personalized incentives.
15882,2009-12-10 15:33:00,2011-05-25 11:35:00,10,1495.98,814,49,199,530,149.598,2,5,4,11,254,Cannot Lose Them,High Value,High-priority retention intervention; consider direct outreach and strong personalized incentives.
15173,2010-04-01 12:26:00,2010-11-24 10:21:00,7,1494.6,840,68,381,236,213.5142857142857,2,4,4,10,244,Cannot Lose Them,High Value,High-priority retention intervention; consider direct outreach and strong personalized incentives.
16314,2010-08-24 11:52:00,2010-11-15 12:06:00,3,1491.4,636,58,390,83,497.1333333333334,2,3,4,9,234,At Risk,High Value,Prioritize retention campaigns and investigate the reason for declining engagement.
13042,2009-12-07 15:42:00,2010-04-20 13:43:00,3,1488.59,812,164,598,133,496.19666666666666,1,3,4,8,134,At Risk,High Value,Prioritize retention campaigns and investigate the reason for declining engagement.
16586,2010-03-14 11:24:00,2011-04-05 09:32:00,3,1462.78,348,27,249,386,487.5933333333333,2,3,4,9,234,At Risk,High Value,Prioritize retention campaigns and investigate the reason for declining engagement.
17978,2009-12-08 13:27:00,2010-12-09 14:05:00,5,1460.9099999999999,1796,62,365,366,292.18199999999996,2,4,4,10,244,Cannot Lose Them,High Value,High-priority retention intervention; consider direct outreach and strong personalized incentives.
17582,2010-03-26 12:23:00,2011-04-17 13:18:00,5,1446.95,603,92,236,387,289.39,2,4,4,10,244,Cannot Lose Them,High Value,High-priority retention intervention; consider direct outreach and strong personalized incentives.
18106,2010-01-15 11:36:00,2011-01-14 12:23:00,6,1441.06,506,126,330,364,240.17666666666665,2,4,4,10,244,Cannot Lose Them,High Value,High-priority retention intervention; consider direct outreach and strong personalized incentives.
12805,2010-02-03 09:06:00,2010-11-23 12:27:00,4,1434.95,593,44,382,293,358.7375,2,3,4,9,234,At Risk,High Value,Prioritize retention campaigns and investigate the reason for declining engagement.
12389,2010-02-22 10:15:00,2010-11-02 11:52:00,3,1433.33,614,41,403,253,477.77666666666664,2,3,4,9,234,At Risk,High Value,Prioritize retention campaigns and investigate the reason for declining engagement.
13475,2011-02-14 12:36:00,2011-06-01 13:52:00,4,1431.78,1012,64,191,107,357.945,2,3,4,9,234,At Risk,High Value,Prioritize retention campaigns and investigate the reason for declining engagement.
18071,2009-12-05 10:31:00,2011-03-27 11:59:00,7,1428.63,835,52,258,477,204.09,2,4,4,10,244,Cannot Lose Them,High Value,High-priority retention intervention; consider direct outreach and strong personalized incentives.
16980,2010-10-07 14:05:00,2011-03-29 16:36:00,3,1422.8300000000002,990,91,255,173,474.2766666666667,2,3,4,9,234,At Risk,High Value,Prioritize retention campaigns and investigate the reason for declining engagement.
17438,2010-03-08 16:53:00,2011-03-31 10:26:00,5,1422.77,553,49,254,387,284.554,2,4,4,10,244,Cannot Lose Them,High Value,High-priority retention intervention; consider direct outreach and strong personalized incentives.
15223,2009-12-05 11:19:00,2011-04-28 11:31:00,5,1417.95,385,26,226,509,283.59000000000003,2,4,4,10,244,Cannot Lose Them,High Value,High-priority retention intervention; consider direct outreach and strong personalized incentives.
17496,2010-01-14 13:36:00,2010-12-16 08:39:00,4,1412.89,675,54,359,335,353.2225,2,3,4,9,234,At Risk,High Value,Prioritize retention campaigns and investigate the reason for declining engagement.
17714,2010-07-14 10:41:00,2011-01-23 10:32:00,5,1410.18,608,69,321,192,282.036,2,4,4,10,244,Cannot Lose Them,High Value,High-priority retention intervention; consider direct outreach and strong personalized incentives.
14909,2010-02-14 15:47:00,2010-09-28 16:56:00,3,1404.68,888,61,437,226,468.2266666666667,1,3,4,8,134,At Risk,High Value,Prioritize retention campaigns and investigate the reason for declining engagement.
12765,2010-03-08 09:43:00,2010-08-24 13:51:00,6,1404.58,1009,49,472,169,234.09666666666666,1,4,4,9,144,Cannot Lose Them,High Value,High-priority retention intervention; consider direct outreach and strong personalized incentives.
16926,2010-07-01 12:57:00,2010-12-03 13:42:00,6,1399.86,232,63,371,155,233.30999999999997,2,4,4,10,244,Cannot Lose Them,High Value,High-priority retention intervention; consider direct outreach and strong personalized incentives.
18202,2011-02-01 13:36:00,2011-05-24 12:12:00,3,1396.99,581,55,200,111,465.66333333333336,2,3,4,9,234,At Risk,High Value,Prioritize retention campaigns and investigate the reason for declining engagement.
16129,2010-07-20 12:32:00,2010-10-28 14:29:00,3,1396.05,1261,91,407,100,465.34999999999997,2,3,4,9,234,At Risk,High Value,Prioritize retention campaigns and investigate the reason for declining engagement.
15141,2010-03-28 15:58:00,2010-09-08 11:33:00,7,1388.47,1197,44,458,163,198.35285714285715,1,4,4,9,144,Cannot Lose Them,High Value,High-priority retention intervention; consider direct outreach and strong personalized incentives.
13382,2009-12-08 09:56:00,2011-03-04 10:03:00,5,1387.58,863,74,281,451,277.51599999999996,2,4,4,10,244,Cannot Lose Them,High Value,High-priority retention intervention; consider direct outreach and strong personalized incentives.
16167,2009-12-01 10:46:00,2010-10-21 15:33:00,5,1386.1200000000001,1494,51,414,324,277.22400000000005,1,4,4,9,144,Cannot Lose Them,High Value,High-priority retention intervention; consider direct outreach and strong personalized incentives.
15751,2009-12-06 13:08:00,2010-09-05 12:44:00,11,1380.44,443,90,461,272,125.49454545454546,1,5,4,10,154,Cannot Lose Them,High Value,High-priority retention intervention; consider direct outreach and strong personalized incentives.
13074,2009-12-16 11:46:00,2010-07-16 16:53:00,4,1378.74,826,26,511,212,344.685,1,3,4,8,134,At Risk,High Value,Prioritize retention campaigns and investigate the reason for declining engagement.
16727,2010-01-20 10:48:00,2010-12-10 13:48:00,4,1377.77,1066,158,364,324,344.4425,2,3,4,9,234,At Risk,High Value,Prioritize retention campaigns and investigate the reason for declining engagement.
15580,2010-02-07 11:21:00,2010-11-28 11:00:00,8,1375.39,955,150,377,293,171.92375,2,4,4,10,244,Cannot Lose Them,High Value,High-priority retention intervention; consider direct outreach and strong personalized incentives.
17908,2009-12-14 12:24:00,2010-12-01 11:45:00,6,1374.5,839,178,374,351,229.08333333333334,2,4,4,10,244,Cannot Lose Them,High Value,High-priority retention intervention; consider direct outreach and strong personalized incentives.
14316,2010-03-19 15:18:00,2010-10-13 16:31:00,5,1370.34,4494,21,422,208,274.068,1,4,4,9,144,Cannot Lose Them,High Value,High-priority retention intervention; consider direct outreach and strong personalized incentives.
16300,2010-02-02 11:40:00,2010-10-05 13:14:00,3,1367.32,643,190,430,245,455.7733333333333,1,3,4,8,134,At Risk,High Value,Prioritize retention campaigns and investigate the reason for declining engagement.
14114,2010-04-12 11:07:00,2011-03-11 09:42:00,7,1364.09,650,72,274,332,194.86999999999998,2,4,4,10,244,Cannot Lose Them,High Value,High-priority retention intervention; consider direct outreach and strong personalized incentives.
15347,2010-09-28 12:50:00,2010-12-08 15:25:00,5,1363.6,672,29,366,71,272.71999999999997,2,4,4,10,244,Cannot Lose Them,High Value,High-priority retention intervention; consider direct outreach and strong personalized incentives.
16588,2010-05-14 13:43:00,2010-11-18 17:56:00,4,1361.28,882,64,386,188,340.32,2,3,4,9,234,At Risk,High Value,Prioritize retention campaigns and investigate the reason for declining engagement.
17150,2009-12-06 10:51:00,2010-11-28 11:27:00,6,1357.95,397,64,377,357,226.32500000000002,2,4,4,10,244,Cannot Lose Them,High Value,High-priority retention intervention; consider direct outreach and strong personalized incentives.
14320,2010-01-21 11:44:00,2011-05-17 09:24:00,5,1346.75,713,68,207,480,269.35,2,4,4,10,244,Cannot Lose Them,High Value,High-priority retention intervention; consider direct outreach and strong personalized incentives.
12591,2010-10-27 10:42:00,2011-01-26 14:35:00,3,1338.95,653,63,317,91,446.31666666666666,2,3,4,9,234,At Risk,High Value,Prioritize retention campaigns and investigate the reason for declining engagement.
13803,2010-03-31 10:00:00,2011-03-29 12:57:00,3,1338.91,831,73,255,363,446.30333333333334,2,3,4,9,234,At Risk,High Value,Prioritize retention campaigns and investigate the reason for declining engagement.
12960,2010-02-16 13:32:00,2010-10-22 09:31:00,4,1322.0700000000002,1379,49,414,247,330.51750000000004,1,3,4,8,134,At Risk,High Value,Prioritize retention campaigns and investigate the reason for declining engagement.
13497,2010-02-08 10:27:00,2011-03-02 09:04:00,7,1320.33,579,52,283,386,188.6185714285714,2,4,4,10,244,Cannot Lose Them,High Value,High-priority retention intervention; consider direct outreach and strong personalized incentives.
16296,2009-12-18 12:03:00,2010-03-23 13:11:00,4,1313.67,645,56,626,95,328.4175,1,3,4,8,134,At Risk,High Value,Prioritize retention campaigns and investigate the reason for declining engagement.
16756,2010-03-09 15:56:00,2011-05-09 09:33:00,7,1312.3700000000001,707,64,215,425,187.48142857142858,2,4,4,10,244,Cannot Lose Them,High Value,High-priority retention intervention; consider direct outreach and strong personalized incentives.
12639,2010-03-22 09:05:00,2011-04-15 12:48:00,3,1312.37,631,58,239,389,437.45666666666665,2,3,4,9,234,At Risk,High Value,Prioritize retention campaigns and investigate the reason for declining engagement.
13855,2009-12-08 16:56:00,2010-07-27 09:53:00,4,1310.3400000000001,575,64,501,230,327.58500000000004,1,3,4,8,134,At Risk,High Value,Prioritize retention campaigns and investigate the reason for declining engagement.
16282,2009-12-21 11:52:00,2011-01-04 11:42:00,3,1307.58,790,31,340,378,435.85999999999996,2,3,4,9,234,At Risk,High Value,Prioritize retention campaigns and investigate the reason for declining engagement.
16894,2010-06-22 14:21:00,2010-07-25 15:43:00,3,1306.96,503,186,502,33,435.65333333333336,1,3,4,8,134,At Risk,High Value,Prioritize retention campaigns and investigate the reason for declining engagement.
16943,2010-03-25 13:34:00,2011-05-12 11:57:00,5,1299.49,147,24,212,412,259.898,2,4,4,10,244,Cannot Lose Them,High Value,High-priority retention intervention; consider direct outreach and strong personalized incentives.
14479,2009-12-06 13:48:00,2011-03-31 09:07:00,5,1299.1100000000001,620,127,254,479,259.822,2,4,4,10,244,Cannot Lose Them,High Value,High-priority retention intervention; consider direct outreach and strong personalized incentives.
13440,2010-09-14 10:34:00,2010-10-12 13:11:00,7,1295.25,573,49,423,28,185.03571428571428,1,4,4,9,144,Cannot Lose Them,High Value,High-priority retention intervention; consider direct outreach and strong personalized incentives.
14679,2009-12-08 17:13:00,2010-11-23 11:51:00,3,1289.44,794,49,382,349,429.81333333333333,2,3,4,9,234,At Risk,High Value,Prioritize retention campaigns and investigate the reason for declining engagement.
14821,2010-02-01 13:33:00,2010-12-08 08:43:00,8,1278.95,479,65,367,309,159.86875,2,4,4,10,244,Cannot Lose Them,High Value,High-priority retention intervention; consider direct outreach and strong personalized incentives.
14478,2009-12-01 13:20:00,2010-11-22 15:29:00,4,1276.66,1226,59,382,356,319.165,2,3,4,9,234,At Risk,High Value,Prioritize retention campaigns and investigate the reason for declining engagement.
13916,2010-02-02 10:06:00,2010-09-02 10:04:00,4,1275.81,673,72,464,211,318.9525,1,3,4,8,134,At Risk,High Value,Prioritize retention campaigns and investigate the reason for declining engagement.
17142,2010-01-24 15:23:00,2011-04-14 18:22:00,4,1275.25,322,78,239,445,318.8125,2,3,4,9,234,At Risk,High Value,Prioritize retention campaigns and investigate the reason for declining engagement.
13443,2010-01-31 13:30:00,2010-09-17 12:31:00,6,1273.16,805,176,449,228,212.19333333333336,1,4,4,9,144,Cannot Lose Them,High Value,High-priority retention intervention; consider direct outreach and strong personalized incentives.
15439,2010-02-24 12:05:00,2010-10-31 10:38:00,4,1269.05,572,49,405,248,317.2625,2,3,4,9,234,At Risk,High Value,Prioritize retention campaigns and investigate the reason for declining engagement.
17531,2010-03-31 12:57:00,2011-06-02 19:17:00,3,1266.82,472,54,190,428,422.2733333333333,2,3,4,9,234,At Risk,High Value,Prioritize retention campaigns and investigate the reason for declining engagement.
17635,2010-04-28 10:51:00,2010-10-11 15:12:00,3,1265.58,770,60,424,166,421.85999999999996,1,3,4,8,134,At Risk,High Value,Prioritize retention campaigns and investigate the reason for declining engagement.
13065,2010-06-10 11:44:00,2010-12-01 16:52:00,6,1260.91,455,49,373,174,210.15166666666667,2,4,4,10,244,Cannot Lose Them,High Value,High-priority retention intervention; consider direct outreach and strong personalized incentives.
17343,2009-12-03 18:30:00,2010-12-19 15:07:00,6,1259.94,454,61,355,380,209.99,2,4,4,10,244,Cannot Lose Them,High Value,High-priority retention intervention; consider direct outreach and strong personalized incentives.
12402,2010-02-07 12:41:00,2011-01-20 13:49:00,6,1256.9,584,43,323,347,209.48333333333335,2,4,4,10,244,Cannot Lose Them,High Value,High-priority retention intervention; consider direct outreach and strong personalized incentives.
17862,2010-05-25 17:22:00,2011-01-20 12:23:00,4,1254.89,440,90,324,239,313.7225,2,3,4,9,234,At Risk,High Value,Prioritize retention campaigns and investigate the reason for declining engagement.
15064,2009-12-22 16:17:00,2010-10-25 14:32:00,4,1254.41,810,75,410,306,313.6025,2,3,4,9,234,At Risk,High Value,Prioritize retention campaigns and investigate the reason for declining engagement.
15441,2009-12-09 14:55:00,2010-11-08 15:50:00,3,1254.21,587,45,396,334,418.07,2,3,4,9,234,At Risk,High Value,Prioritize retention campaigns and investigate the reason for declining engagement.
13863,2010-04-25 13:09:00,2011-04-06 10:20:00,4,1239.55,553,59,248,345,309.8875,2,3,4,9,234,At Risk,High Value,Prioritize retention campaigns and investigate the reason for declining engagement.
